x	y	label	angle	showSelected1	showSelected2	group
1	2.5	IC_Form.district.leadership.team..DLT....see.Bluep...	90	IC_Form.district.leadership.team..DLT....see.Bluep...	IC_Form.district.leadership.team..DLT....see.Bluep...	12
1	2.5	IC_Form.district.leadership.team..DLT....see.Bluep...	90	IC_Designate.district.level.contact.person.	IC_Form.district.leadership.team..DLT....see.Bluep...	31
1	2.5	IC_Form.district.leadership.team..DLT....see.Bluep...	90	IC_Designate.building.level.contact.person..for.ea...	IC_Form.district.leadership.team..DLT....see.Bluep...	50
1	2.5	IC_Form.district.leadership.team..DLT....see.Bluep...	90	IC_Develop.protocol.for.maintaining.ongoing.commun...	IC_Form.district.leadership.team..DLT....see.Bluep...	69
1	2.5	IC_Form.district.leadership.team..DLT....see.Bluep...	90	IC_Develop.a.district.wide.plan.for.consistent.and...	IC_Form.district.leadership.team..DLT....see.Bluep...	88
1	2.5	IC_Form.district.leadership.team..DLT....see.Bluep...	90	IC_Identify.a.process.for.monitoring.progress.of.t...	IC_Form.district.leadership.team..DLT....see.Bluep...	107
1	2.5	IC_Form.district.leadership.team..DLT....see.Bluep...	90	IC_Administer.Self.Assessment.Practice.Profile.at....	IC_Form.district.leadership.team..DLT....see.Bluep...	126
1	2.5	IC_Form.district.leadership.team..DLT....see.Bluep...	90	IC_Administer.implementation.survey..e.g..Collabor...	IC_Form.district.leadership.team..DLT....see.Bluep...	145
1	2.5	IC_Form.district.leadership.team..DLT....see.Bluep...	90	IC_Use.technology.to.increase.the.quality.and.time...	IC_Form.district.leadership.team..DLT....see.Bluep...	164
1	2.5	IC_Form.district.leadership.team..DLT....see.Bluep...	90	IC_Participate.in.regional..cadre..and.state.event...	IC_Form.district.leadership.team..DLT....see.Bluep...	183
1	2.5	IC_Form.district.leadership.team..DLT....see.Bluep...	90	IC_Support.the.use.of.data..e.g..SAPP..CWIS..to.in...	IC_Form.district.leadership.team..DLT....see.Bluep...	202
1	2.5	IC_Form.district.leadership.team..DLT....see.Bluep...	90	IC_Develop.and.implement.protocol.for.conducting.w...	IC_Form.district.leadership.team..DLT....see.Bluep...	221
1	2.5	IC_Form.district.leadership.team..DLT....see.Bluep...	90	IC_Annually..summarize.district.wide.fidelity.and....	IC_Form.district.leadership.team..DLT....see.Bluep...	240
1	2.5	IC_Form.district.leadership.team..DLT....see.Bluep...	90	IC_Establish.district..and.building.level.goal.s.....	IC_Form.district.leadership.team..DLT....see.Bluep...	259
1	2.5	IC_Form.district.leadership.team..DLT....see.Bluep...	90	IC_Revisit.and.revise.PD.plans.based.on.data.	IC_Form.district.leadership.team..DLT....see.Bluep...	278
1	2.5	IC_Form.district.leadership.team..DLT....see.Bluep...	90	IC_Develop.timelines.and.expectations.aligning.imp...	IC_Form.district.leadership.team..DLT....see.Bluep...	297
1	2.5	IC_Form.district.leadership.team..DLT....see.Bluep...	90	IC_Align.implementation.goals.with.CSIP..Comprehen...	IC_Form.district.leadership.team..DLT....see.Bluep...	316
0	2.5	IC_Form.district.leadership.team..DLT....see.Bluep...	90	IC_Teacher_leader_growth_mindset_In_Place	IC_Form.district.leadership.team..DLT....see.Bluep...	335
0	2.5	IC_Form.district.leadership.team..DLT....see.Bluep...	90	IC_Total_amount_in_place	IC_Form.district.leadership.team..DLT....see.Bluep...	354
1	2.5	IC_Designate.district.level.contact.person.	90	IC_Form.district.leadership.team..DLT....see.Bluep...	IC_Designate.district.level.contact.person.	6
1	2.5	IC_Designate.district.level.contact.person.	90	IC_Designate.district.level.contact.person.	IC_Designate.district.level.contact.person.	25
1	2.5	IC_Designate.district.level.contact.person.	90	IC_Designate.building.level.contact.person..for.ea...	IC_Designate.district.level.contact.person.	44
1	2.5	IC_Designate.district.level.contact.person.	90	IC_Develop.protocol.for.maintaining.ongoing.commun...	IC_Designate.district.level.contact.person.	63
1	2.5	IC_Designate.district.level.contact.person.	90	IC_Develop.a.district.wide.plan.for.consistent.and...	IC_Designate.district.level.contact.person.	82
1	2.5	IC_Designate.district.level.contact.person.	90	IC_Identify.a.process.for.monitoring.progress.of.t...	IC_Designate.district.level.contact.person.	101
1	2.5	IC_Designate.district.level.contact.person.	90	IC_Administer.Self.Assessment.Practice.Profile.at....	IC_Designate.district.level.contact.person.	120
1	2.5	IC_Designate.district.level.contact.person.	90	IC_Administer.implementation.survey..e.g..Collabor...	IC_Designate.district.level.contact.person.	139
1	2.5	IC_Designate.district.level.contact.person.	90	IC_Use.technology.to.increase.the.quality.and.time...	IC_Designate.district.level.contact.person.	158
1	2.5	IC_Designate.district.level.contact.person.	90	IC_Participate.in.regional..cadre..and.state.event...	IC_Designate.district.level.contact.person.	177
1	2.5	IC_Designate.district.level.contact.person.	90	IC_Support.the.use.of.data..e.g..SAPP..CWIS..to.in...	IC_Designate.district.level.contact.person.	196
1	2.5	IC_Designate.district.level.contact.person.	90	IC_Develop.and.implement.protocol.for.conducting.w...	IC_Designate.district.level.contact.person.	215
1	2.5	IC_Designate.district.level.contact.person.	90	IC_Annually..summarize.district.wide.fidelity.and....	IC_Designate.district.level.contact.person.	234
1	2.5	IC_Designate.district.level.contact.person.	90	IC_Establish.district..and.building.level.goal.s.....	IC_Designate.district.level.contact.person.	253
1	2.5	IC_Designate.district.level.contact.person.	90	IC_Revisit.and.revise.PD.plans.based.on.data.	IC_Designate.district.level.contact.person.	272
1	2.5	IC_Designate.district.level.contact.person.	90	IC_Develop.timelines.and.expectations.aligning.imp...	IC_Designate.district.level.contact.person.	291
1	2.5	IC_Designate.district.level.contact.person.	90	IC_Align.implementation.goals.with.CSIP..Comprehen...	IC_Designate.district.level.contact.person.	310
0	2.5	IC_Designate.district.level.contact.person.	90	IC_Teacher_leader_growth_mindset_In_Place	IC_Designate.district.level.contact.person.	329
0	2.5	IC_Designate.district.level.contact.person.	90	IC_Total_amount_in_place	IC_Designate.district.level.contact.person.	348
1	2.5	IC_Designate.building.level.contact.person..for.ea...	90	IC_Form.district.leadership.team..DLT....see.Bluep...	IC_Designate.building.level.contact.person..for.ea...	5
1	2.5	IC_Designate.building.level.contact.person..for.ea...	90	IC_Designate.district.level.contact.person.	IC_Designate.building.level.contact.person..for.ea...	24
1	2.5	IC_Designate.building.level.contact.person..for.ea...	90	IC_Designate.building.level.contact.person..for.ea...	IC_Designate.building.level.contact.person..for.ea...	43
1	2.5	IC_Designate.building.level.contact.person..for.ea...	90	IC_Develop.protocol.for.maintaining.ongoing.commun...	IC_Designate.building.level.contact.person..for.ea...	62
1	2.5	IC_Designate.building.level.contact.person..for.ea...	90	IC_Develop.a.district.wide.plan.for.consistent.and...	IC_Designate.building.level.contact.person..for.ea...	81
1	2.5	IC_Designate.building.level.contact.person..for.ea...	90	IC_Identify.a.process.for.monitoring.progress.of.t...	IC_Designate.building.level.contact.person..for.ea...	100
1	2.5	IC_Designate.building.level.contact.person..for.ea...	90	IC_Administer.Self.Assessment.Practice.Profile.at....	IC_Designate.building.level.contact.person..for.ea...	119
1	2.5	IC_Designate.building.level.contact.person..for.ea...	90	IC_Administer.implementation.survey..e.g..Collabor...	IC_Designate.building.level.contact.person..for.ea...	138
1	2.5	IC_Designate.building.level.contact.person..for.ea...	90	IC_Use.technology.to.increase.the.quality.and.time...	IC_Designate.building.level.contact.person..for.ea...	157
1	2.5	IC_Designate.building.level.contact.person..for.ea...	90	IC_Participate.in.regional..cadre..and.state.event...	IC_Designate.building.level.contact.person..for.ea...	176
1	2.5	IC_Designate.building.level.contact.person..for.ea...	90	IC_Support.the.use.of.data..e.g..SAPP..CWIS..to.in...	IC_Designate.building.level.contact.person..for.ea...	195
1	2.5	IC_Designate.building.level.contact.person..for.ea...	90	IC_Develop.and.implement.protocol.for.conducting.w...	IC_Designate.building.level.contact.person..for.ea...	214
1	2.5	IC_Designate.building.level.contact.person..for.ea...	90	IC_Annually..summarize.district.wide.fidelity.and....	IC_Designate.building.level.contact.person..for.ea...	233
1	2.5	IC_Designate.building.level.contact.person..for.ea...	90	IC_Establish.district..and.building.level.goal.s.....	IC_Designate.building.level.contact.person..for.ea...	252
1	2.5	IC_Designate.building.level.contact.person..for.ea...	90	IC_Revisit.and.revise.PD.plans.based.on.data.	IC_Designate.building.level.contact.person..for.ea...	271
1	2.5	IC_Designate.building.level.contact.person..for.ea...	90	IC_Develop.timelines.and.expectations.aligning.imp...	IC_Designate.building.level.contact.person..for.ea...	290
1	2.5	IC_Designate.building.level.contact.person..for.ea...	90	IC_Align.implementation.goals.with.CSIP..Comprehen...	IC_Designate.building.level.contact.person..for.ea...	309
0	2.5	IC_Designate.building.level.contact.person..for.ea...	90	IC_Teacher_leader_growth_mindset_In_Place	IC_Designate.building.level.contact.person..for.ea...	328
0	2.5	IC_Designate.building.level.contact.person..for.ea...	90	IC_Total_amount_in_place	IC_Designate.building.level.contact.person..for.ea...	347
1	2.5	IC_Develop.protocol.for.maintaining.ongoing.commun...	90	IC_Form.district.leadership.team..DLT....see.Bluep...	IC_Develop.protocol.for.maintaining.ongoing.commun...	9
1	2.5	IC_Develop.protocol.for.maintaining.ongoing.commun...	90	IC_Designate.district.level.contact.person.	IC_Develop.protocol.for.maintaining.ongoing.commun...	28
1	2.5	IC_Develop.protocol.for.maintaining.ongoing.commun...	90	IC_Designate.building.level.contact.person..for.ea...	IC_Develop.protocol.for.maintaining.ongoing.commun...	47
1	2.5	IC_Develop.protocol.for.maintaining.ongoing.commun...	90	IC_Develop.protocol.for.maintaining.ongoing.commun...	IC_Develop.protocol.for.maintaining.ongoing.commun...	66
1	2.5	IC_Develop.protocol.for.maintaining.ongoing.commun...	90	IC_Develop.a.district.wide.plan.for.consistent.and...	IC_Develop.protocol.for.maintaining.ongoing.commun...	85
1	2.5	IC_Develop.protocol.for.maintaining.ongoing.commun...	90	IC_Identify.a.process.for.monitoring.progress.of.t...	IC_Develop.protocol.for.maintaining.ongoing.commun...	104
1	2.5	IC_Develop.protocol.for.maintaining.ongoing.commun...	90	IC_Administer.Self.Assessment.Practice.Profile.at....	IC_Develop.protocol.for.maintaining.ongoing.commun...	123
1	2.5	IC_Develop.protocol.for.maintaining.ongoing.commun...	90	IC_Administer.implementation.survey..e.g..Collabor...	IC_Develop.protocol.for.maintaining.ongoing.commun...	142
1	2.5	IC_Develop.protocol.for.maintaining.ongoing.commun...	90	IC_Use.technology.to.increase.the.quality.and.time...	IC_Develop.protocol.for.maintaining.ongoing.commun...	161
1	2.5	IC_Develop.protocol.for.maintaining.ongoing.commun...	90	IC_Participate.in.regional..cadre..and.state.event...	IC_Develop.protocol.for.maintaining.ongoing.commun...	180
1	2.5	IC_Develop.protocol.for.maintaining.ongoing.commun...	90	IC_Support.the.use.of.data..e.g..SAPP..CWIS..to.in...	IC_Develop.protocol.for.maintaining.ongoing.commun...	199
1	2.5	IC_Develop.protocol.for.maintaining.ongoing.commun...	90	IC_Develop.and.implement.protocol.for.conducting.w...	IC_Develop.protocol.for.maintaining.ongoing.commun...	218
1	2.5	IC_Develop.protocol.for.maintaining.ongoing.commun...	90	IC_Annually..summarize.district.wide.fidelity.and....	IC_Develop.protocol.for.maintaining.ongoing.commun...	237
1	2.5	IC_Develop.protocol.for.maintaining.ongoing.commun...	90	IC_Establish.district..and.building.level.goal.s.....	IC_Develop.protocol.for.maintaining.ongoing.commun...	256
1	2.5	IC_Develop.protocol.for.maintaining.ongoing.commun...	90	IC_Revisit.and.revise.PD.plans.based.on.data.	IC_Develop.protocol.for.maintaining.ongoing.commun...	275
1	2.5	IC_Develop.protocol.for.maintaining.ongoing.commun...	90	IC_Develop.timelines.and.expectations.aligning.imp...	IC_Develop.protocol.for.maintaining.ongoing.commun...	294
1	2.5	IC_Develop.protocol.for.maintaining.ongoing.commun...	90	IC_Align.implementation.goals.with.CSIP..Comprehen...	IC_Develop.protocol.for.maintaining.ongoing.commun...	313
0	2.5	IC_Develop.protocol.for.maintaining.ongoing.commun...	90	IC_Teacher_leader_growth_mindset_In_Place	IC_Develop.protocol.for.maintaining.ongoing.commun...	332
0	2.5	IC_Develop.protocol.for.maintaining.ongoing.commun...	90	IC_Total_amount_in_place	IC_Develop.protocol.for.maintaining.ongoing.commun...	351
1	2.5	IC_Develop.a.district.wide.plan.for.consistent.and...	90	IC_Form.district.leadership.team..DLT....see.Bluep...	IC_Develop.a.district.wide.plan.for.consistent.and...	7
1	2.5	IC_Develop.a.district.wide.plan.for.consistent.and...	90	IC_Designate.district.level.contact.person.	IC_Develop.a.district.wide.plan.for.consistent.and...	26
1	2.5	IC_Develop.a.district.wide.plan.for.consistent.and...	90	IC_Designate.building.level.contact.person..for.ea...	IC_Develop.a.district.wide.plan.for.consistent.and...	45
1	2.5	IC_Develop.a.district.wide.plan.for.consistent.and...	90	IC_Develop.protocol.for.maintaining.ongoing.commun...	IC_Develop.a.district.wide.plan.for.consistent.and...	64
1	2.5	IC_Develop.a.district.wide.plan.for.consistent.and...	90	IC_Develop.a.district.wide.plan.for.consistent.and...	IC_Develop.a.district.wide.plan.for.consistent.and...	83
1	2.5	IC_Develop.a.district.wide.plan.for.consistent.and...	90	IC_Identify.a.process.for.monitoring.progress.of.t...	IC_Develop.a.district.wide.plan.for.consistent.and...	102
1	2.5	IC_Develop.a.district.wide.plan.for.consistent.and...	90	IC_Administer.Self.Assessment.Practice.Profile.at....	IC_Develop.a.district.wide.plan.for.consistent.and...	121
1	2.5	IC_Develop.a.district.wide.plan.for.consistent.and...	90	IC_Administer.implementation.survey..e.g..Collabor...	IC_Develop.a.district.wide.plan.for.consistent.and...	140
1	2.5	IC_Develop.a.district.wide.plan.for.consistent.and...	90	IC_Use.technology.to.increase.the.quality.and.time...	IC_Develop.a.district.wide.plan.for.consistent.and...	159
1	2.5	IC_Develop.a.district.wide.plan.for.consistent.and...	90	IC_Participate.in.regional..cadre..and.state.event...	IC_Develop.a.district.wide.plan.for.consistent.and...	178
1	2.5	IC_Develop.a.district.wide.plan.for.consistent.and...	90	IC_Support.the.use.of.data..e.g..SAPP..CWIS..to.in...	IC_Develop.a.district.wide.plan.for.consistent.and...	197
1	2.5	IC_Develop.a.district.wide.plan.for.consistent.and...	90	IC_Develop.and.implement.protocol.for.conducting.w...	IC_Develop.a.district.wide.plan.for.consistent.and...	216
1	2.5	IC_Develop.a.district.wide.plan.for.consistent.and...	90	IC_Annually..summarize.district.wide.fidelity.and....	IC_Develop.a.district.wide.plan.for.consistent.and...	235
1	2.5	IC_Develop.a.district.wide.plan.for.consistent.and...	90	IC_Establish.district..and.building.level.goal.s.....	IC_Develop.a.district.wide.plan.for.consistent.and...	254
1	2.5	IC_Develop.a.district.wide.plan.for.consistent.and...	90	IC_Revisit.and.revise.PD.plans.based.on.data.	IC_Develop.a.district.wide.plan.for.consistent.and...	273
1	2.5	IC_Develop.a.district.wide.plan.for.consistent.and...	90	IC_Develop.timelines.and.expectations.aligning.imp...	IC_Develop.a.district.wide.plan.for.consistent.and...	292
1	2.5	IC_Develop.a.district.wide.plan.for.consistent.and...	90	IC_Align.implementation.goals.with.CSIP..Comprehen...	IC_Develop.a.district.wide.plan.for.consistent.and...	311
0	2.5	IC_Develop.a.district.wide.plan.for.consistent.and...	90	IC_Teacher_leader_growth_mindset_In_Place	IC_Develop.a.district.wide.plan.for.consistent.and...	330
0	2.5	IC_Develop.a.district.wide.plan.for.consistent.and...	90	IC_Total_amount_in_place	IC_Develop.a.district.wide.plan.for.consistent.and...	349
1	2.5	IC_Identify.a.process.for.monitoring.progress.of.t...	90	IC_Form.district.leadership.team..DLT....see.Bluep...	IC_Identify.a.process.for.monitoring.progress.of.t...	13
1	2.5	IC_Identify.a.process.for.monitoring.progress.of.t...	90	IC_Designate.district.level.contact.person.	IC_Identify.a.process.for.monitoring.progress.of.t...	32
1	2.5	IC_Identify.a.process.for.monitoring.progress.of.t...	90	IC_Designate.building.level.contact.person..for.ea...	IC_Identify.a.process.for.monitoring.progress.of.t...	51
1	2.5	IC_Identify.a.process.for.monitoring.progress.of.t...	90	IC_Develop.protocol.for.maintaining.ongoing.commun...	IC_Identify.a.process.for.monitoring.progress.of.t...	70
1	2.5	IC_Identify.a.process.for.monitoring.progress.of.t...	90	IC_Develop.a.district.wide.plan.for.consistent.and...	IC_Identify.a.process.for.monitoring.progress.of.t...	89
1	2.5	IC_Identify.a.process.for.monitoring.progress.of.t...	90	IC_Identify.a.process.for.monitoring.progress.of.t...	IC_Identify.a.process.for.monitoring.progress.of.t...	108
1	2.5	IC_Identify.a.process.for.monitoring.progress.of.t...	90	IC_Administer.Self.Assessment.Practice.Profile.at....	IC_Identify.a.process.for.monitoring.progress.of.t...	127
1	2.5	IC_Identify.a.process.for.monitoring.progress.of.t...	90	IC_Administer.implementation.survey..e.g..Collabor...	IC_Identify.a.process.for.monitoring.progress.of.t...	146
1	2.5	IC_Identify.a.process.for.monitoring.progress.of.t...	90	IC_Use.technology.to.increase.the.quality.and.time...	IC_Identify.a.process.for.monitoring.progress.of.t...	165
1	2.5	IC_Identify.a.process.for.monitoring.progress.of.t...	90	IC_Participate.in.regional..cadre..and.state.event...	IC_Identify.a.process.for.monitoring.progress.of.t...	184
1	2.5	IC_Identify.a.process.for.monitoring.progress.of.t...	90	IC_Support.the.use.of.data..e.g..SAPP..CWIS..to.in...	IC_Identify.a.process.for.monitoring.progress.of.t...	203
1	2.5	IC_Identify.a.process.for.monitoring.progress.of.t...	90	IC_Develop.and.implement.protocol.for.conducting.w...	IC_Identify.a.process.for.monitoring.progress.of.t...	222
1	2.5	IC_Identify.a.process.for.monitoring.progress.of.t...	90	IC_Annually..summarize.district.wide.fidelity.and....	IC_Identify.a.process.for.monitoring.progress.of.t...	241
1	2.5	IC_Identify.a.process.for.monitoring.progress.of.t...	90	IC_Establish.district..and.building.level.goal.s.....	IC_Identify.a.process.for.monitoring.progress.of.t...	260
1	2.5	IC_Identify.a.process.for.monitoring.progress.of.t...	90	IC_Revisit.and.revise.PD.plans.based.on.data.	IC_Identify.a.process.for.monitoring.progress.of.t...	279
1	2.5	IC_Identify.a.process.for.monitoring.progress.of.t...	90	IC_Develop.timelines.and.expectations.aligning.imp...	IC_Identify.a.process.for.monitoring.progress.of.t...	298
1	2.5	IC_Identify.a.process.for.monitoring.progress.of.t...	90	IC_Align.implementation.goals.with.CSIP..Comprehen...	IC_Identify.a.process.for.monitoring.progress.of.t...	317
0	2.5	IC_Identify.a.process.for.monitoring.progress.of.t...	90	IC_Teacher_leader_growth_mindset_In_Place	IC_Identify.a.process.for.monitoring.progress.of.t...	336
0	2.5	IC_Identify.a.process.for.monitoring.progress.of.t...	90	IC_Total_amount_in_place	IC_Identify.a.process.for.monitoring.progress.of.t...	355
1	2.5	IC_Administer.Self.Assessment.Practice.Profile.at....	90	IC_Form.district.leadership.team..DLT....see.Bluep...	IC_Administer.Self.Assessment.Practice.Profile.at....	2
1	2.5	IC_Administer.Self.Assessment.Practice.Profile.at....	90	IC_Designate.district.level.contact.person.	IC_Administer.Self.Assessment.Practice.Profile.at....	21
1	2.5	IC_Administer.Self.Assessment.Practice.Profile.at....	90	IC_Designate.building.level.contact.person..for.ea...	IC_Administer.Self.Assessment.Practice.Profile.at....	40
1	2.5	IC_Administer.Self.Assessment.Practice.Profile.at....	90	IC_Develop.protocol.for.maintaining.ongoing.commun...	IC_Administer.Self.Assessment.Practice.Profile.at....	59
1	2.5	IC_Administer.Self.Assessment.Practice.Profile.at....	90	IC_Develop.a.district.wide.plan.for.consistent.and...	IC_Administer.Self.Assessment.Practice.Profile.at....	78
1	2.5	IC_Administer.Self.Assessment.Practice.Profile.at....	90	IC_Identify.a.process.for.monitoring.progress.of.t...	IC_Administer.Self.Assessment.Practice.Profile.at....	97
1	2.5	IC_Administer.Self.Assessment.Practice.Profile.at....	90	IC_Administer.Self.Assessment.Practice.Profile.at....	IC_Administer.Self.Assessment.Practice.Profile.at....	116
1	2.5	IC_Administer.Self.Assessment.Practice.Profile.at....	90	IC_Administer.implementation.survey..e.g..Collabor...	IC_Administer.Self.Assessment.Practice.Profile.at....	135
1	2.5	IC_Administer.Self.Assessment.Practice.Profile.at....	90	IC_Use.technology.to.increase.the.quality.and.time...	IC_Administer.Self.Assessment.Practice.Profile.at....	154
1	2.5	IC_Administer.Self.Assessment.Practice.Profile.at....	90	IC_Participate.in.regional..cadre..and.state.event...	IC_Administer.Self.Assessment.Practice.Profile.at....	173
1	2.5	IC_Administer.Self.Assessment.Practice.Profile.at....	90	IC_Support.the.use.of.data..e.g..SAPP..CWIS..to.in...	IC_Administer.Self.Assessment.Practice.Profile.at....	192
1	2.5	IC_Administer.Self.Assessment.Practice.Profile.at....	90	IC_Develop.and.implement.protocol.for.conducting.w...	IC_Administer.Self.Assessment.Practice.Profile.at....	211
1	2.5	IC_Administer.Self.Assessment.Practice.Profile.at....	90	IC_Annually..summarize.district.wide.fidelity.and....	IC_Administer.Self.Assessment.Practice.Profile.at....	230
1	2.5	IC_Administer.Self.Assessment.Practice.Profile.at....	90	IC_Establish.district..and.building.level.goal.s.....	IC_Administer.Self.Assessment.Practice.Profile.at....	249
1	2.5	IC_Administer.Self.Assessment.Practice.Profile.at....	90	IC_Revisit.and.revise.PD.plans.based.on.data.	IC_Administer.Self.Assessment.Practice.Profile.at....	268
1	2.5	IC_Administer.Self.Assessment.Practice.Profile.at....	90	IC_Develop.timelines.and.expectations.aligning.imp...	IC_Administer.Self.Assessment.Practice.Profile.at....	287
1	2.5	IC_Administer.Self.Assessment.Practice.Profile.at....	90	IC_Align.implementation.goals.with.CSIP..Comprehen...	IC_Administer.Self.Assessment.Practice.Profile.at....	306
0	2.5	IC_Administer.Self.Assessment.Practice.Profile.at....	90	IC_Teacher_leader_growth_mindset_In_Place	IC_Administer.Self.Assessment.Practice.Profile.at....	325
0	2.5	IC_Administer.Self.Assessment.Practice.Profile.at....	90	IC_Total_amount_in_place	IC_Administer.Self.Assessment.Practice.Profile.at....	344
1	2.5	IC_Administer.implementation.survey..e.g..Collabor...	90	IC_Form.district.leadership.team..DLT....see.Bluep...	IC_Administer.implementation.survey..e.g..Collabor...	1
1	2.5	IC_Administer.implementation.survey..e.g..Collabor...	90	IC_Designate.district.level.contact.person.	IC_Administer.implementation.survey..e.g..Collabor...	20
1	2.5	IC_Administer.implementation.survey..e.g..Collabor...	90	IC_Designate.building.level.contact.person..for.ea...	IC_Administer.implementation.survey..e.g..Collabor...	39
1	2.5	IC_Administer.implementation.survey..e.g..Collabor...	90	IC_Develop.protocol.for.maintaining.ongoing.commun...	IC_Administer.implementation.survey..e.g..Collabor...	58
1	2.5	IC_Administer.implementation.survey..e.g..Collabor...	90	IC_Develop.a.district.wide.plan.for.consistent.and...	IC_Administer.implementation.survey..e.g..Collabor...	77
1	2.5	IC_Administer.implementation.survey..e.g..Collabor...	90	IC_Identify.a.process.for.monitoring.progress.of.t...	IC_Administer.implementation.survey..e.g..Collabor...	96
1	2.5	IC_Administer.implementation.survey..e.g..Collabor...	90	IC_Administer.Self.Assessment.Practice.Profile.at....	IC_Administer.implementation.survey..e.g..Collabor...	115
1	2.5	IC_Administer.implementation.survey..e.g..Collabor...	90	IC_Administer.implementation.survey..e.g..Collabor...	IC_Administer.implementation.survey..e.g..Collabor...	134
1	2.5	IC_Administer.implementation.survey..e.g..Collabor...	90	IC_Use.technology.to.increase.the.quality.and.time...	IC_Administer.implementation.survey..e.g..Collabor...	153
1	2.5	IC_Administer.implementation.survey..e.g..Collabor...	90	IC_Participate.in.regional..cadre..and.state.event...	IC_Administer.implementation.survey..e.g..Collabor...	172
1	2.5	IC_Administer.implementation.survey..e.g..Collabor...	90	IC_Support.the.use.of.data..e.g..SAPP..CWIS..to.in...	IC_Administer.implementation.survey..e.g..Collabor...	191
1	2.5	IC_Administer.implementation.survey..e.g..Collabor...	90	IC_Develop.and.implement.protocol.for.conducting.w...	IC_Administer.implementation.survey..e.g..Collabor...	210
1	2.5	IC_Administer.implementation.survey..e.g..Collabor...	90	IC_Annually..summarize.district.wide.fidelity.and....	IC_Administer.implementation.survey..e.g..Collabor...	229
1	2.5	IC_Administer.implementation.survey..e.g..Collabor...	90	IC_Establish.district..and.building.level.goal.s.....	IC_Administer.implementation.survey..e.g..Collabor...	248
1	2.5	IC_Administer.implementation.survey..e.g..Collabor...	90	IC_Revisit.and.revise.PD.plans.based.on.data.	IC_Administer.implementation.survey..e.g..Collabor...	267
1	2.5	IC_Administer.implementation.survey..e.g..Collabor...	90	IC_Develop.timelines.and.expectations.aligning.imp...	IC_Administer.implementation.survey..e.g..Collabor...	286
1	2.5	IC_Administer.implementation.survey..e.g..Collabor...	90	IC_Align.implementation.goals.with.CSIP..Comprehen...	IC_Administer.implementation.survey..e.g..Collabor...	305
0	2.5	IC_Administer.implementation.survey..e.g..Collabor...	90	IC_Teacher_leader_growth_mindset_In_Place	IC_Administer.implementation.survey..e.g..Collabor...	324
0	2.5	IC_Administer.implementation.survey..e.g..Collabor...	90	IC_Total_amount_in_place	IC_Administer.implementation.survey..e.g..Collabor...	343
1	2.5	IC_Use.technology.to.increase.the.quality.and.time...	90	IC_Form.district.leadership.team..DLT....see.Bluep...	IC_Use.technology.to.increase.the.quality.and.time...	19
1	2.5	IC_Use.technology.to.increase.the.quality.and.time...	90	IC_Designate.district.level.contact.person.	IC_Use.technology.to.increase.the.quality.and.time...	38
1	2.5	IC_Use.technology.to.increase.the.quality.and.time...	90	IC_Designate.building.level.contact.person..for.ea...	IC_Use.technology.to.increase.the.quality.and.time...	57
1	2.5	IC_Use.technology.to.increase.the.quality.and.time...	90	IC_Develop.protocol.for.maintaining.ongoing.commun...	IC_Use.technology.to.increase.the.quality.and.time...	76
1	2.5	IC_Use.technology.to.increase.the.quality.and.time...	90	IC_Develop.a.district.wide.plan.for.consistent.and...	IC_Use.technology.to.increase.the.quality.and.time...	95
1	2.5	IC_Use.technology.to.increase.the.quality.and.time...	90	IC_Identify.a.process.for.monitoring.progress.of.t...	IC_Use.technology.to.increase.the.quality.and.time...	114
1	2.5	IC_Use.technology.to.increase.the.quality.and.time...	90	IC_Administer.Self.Assessment.Practice.Profile.at....	IC_Use.technology.to.increase.the.quality.and.time...	133
1	2.5	IC_Use.technology.to.increase.the.quality.and.time...	90	IC_Administer.implementation.survey..e.g..Collabor...	IC_Use.technology.to.increase.the.quality.and.time...	152
1	2.5	IC_Use.technology.to.increase.the.quality.and.time...	90	IC_Use.technology.to.increase.the.quality.and.time...	IC_Use.technology.to.increase.the.quality.and.time...	171
1	2.5	IC_Use.technology.to.increase.the.quality.and.time...	90	IC_Participate.in.regional..cadre..and.state.event...	IC_Use.technology.to.increase.the.quality.and.time...	190
1	2.5	IC_Use.technology.to.increase.the.quality.and.time...	90	IC_Support.the.use.of.data..e.g..SAPP..CWIS..to.in...	IC_Use.technology.to.increase.the.quality.and.time...	209
1	2.5	IC_Use.technology.to.increase.the.quality.and.time...	90	IC_Develop.and.implement.protocol.for.conducting.w...	IC_Use.technology.to.increase.the.quality.and.time...	228
1	2.5	IC_Use.technology.to.increase.the.quality.and.time...	90	IC_Annually..summarize.district.wide.fidelity.and....	IC_Use.technology.to.increase.the.quality.and.time...	247
1	2.5	IC_Use.technology.to.increase.the.quality.and.time...	90	IC_Establish.district..and.building.level.goal.s.....	IC_Use.technology.to.increase.the.quality.and.time...	266
1	2.5	IC_Use.technology.to.increase.the.quality.and.time...	90	IC_Revisit.and.revise.PD.plans.based.on.data.	IC_Use.technology.to.increase.the.quality.and.time...	285
1	2.5	IC_Use.technology.to.increase.the.quality.and.time...	90	IC_Develop.timelines.and.expectations.aligning.imp...	IC_Use.technology.to.increase.the.quality.and.time...	304
1	2.5	IC_Use.technology.to.increase.the.quality.and.time...	90	IC_Align.implementation.goals.with.CSIP..Comprehen...	IC_Use.technology.to.increase.the.quality.and.time...	323
0	2.5	IC_Use.technology.to.increase.the.quality.and.time...	90	IC_Teacher_leader_growth_mindset_In_Place	IC_Use.technology.to.increase.the.quality.and.time...	342
0	2.5	IC_Use.technology.to.increase.the.quality.and.time...	90	IC_Total_amount_in_place	IC_Use.technology.to.increase.the.quality.and.time...	361
1	2.5	IC_Participate.in.regional..cadre..and.state.event...	90	IC_Form.district.leadership.team..DLT....see.Bluep...	IC_Participate.in.regional..cadre..and.state.event...	14
1	2.5	IC_Participate.in.regional..cadre..and.state.event...	90	IC_Designate.district.level.contact.person.	IC_Participate.in.regional..cadre..and.state.event...	33
1	2.5	IC_Participate.in.regional..cadre..and.state.event...	90	IC_Designate.building.level.contact.person..for.ea...	IC_Participate.in.regional..cadre..and.state.event...	52
1	2.5	IC_Participate.in.regional..cadre..and.state.event...	90	IC_Develop.protocol.for.maintaining.ongoing.commun...	IC_Participate.in.regional..cadre..and.state.event...	71
1	2.5	IC_Participate.in.regional..cadre..and.state.event...	90	IC_Develop.a.district.wide.plan.for.consistent.and...	IC_Participate.in.regional..cadre..and.state.event...	90
1	2.5	IC_Participate.in.regional..cadre..and.state.event...	90	IC_Identify.a.process.for.monitoring.progress.of.t...	IC_Participate.in.regional..cadre..and.state.event...	109
1	2.5	IC_Participate.in.regional..cadre..and.state.event...	90	IC_Administer.Self.Assessment.Practice.Profile.at....	IC_Participate.in.regional..cadre..and.state.event...	128
1	2.5	IC_Participate.in.regional..cadre..and.state.event...	90	IC_Administer.implementation.survey..e.g..Collabor...	IC_Participate.in.regional..cadre..and.state.event...	147
1	2.5	IC_Participate.in.regional..cadre..and.state.event...	90	IC_Use.technology.to.increase.the.quality.and.time...	IC_Participate.in.regional..cadre..and.state.event...	166
1	2.5	IC_Participate.in.regional..cadre..and.state.event...	90	IC_Participate.in.regional..cadre..and.state.event...	IC_Participate.in.regional..cadre..and.state.event...	185
1	2.5	IC_Participate.in.regional..cadre..and.state.event...	90	IC_Support.the.use.of.data..e.g..SAPP..CWIS..to.in...	IC_Participate.in.regional..cadre..and.state.event...	204
1	2.5	IC_Participate.in.regional..cadre..and.state.event...	90	IC_Develop.and.implement.protocol.for.conducting.w...	IC_Participate.in.regional..cadre..and.state.event...	223
1	2.5	IC_Participate.in.regional..cadre..and.state.event...	90	IC_Annually..summarize.district.wide.fidelity.and....	IC_Participate.in.regional..cadre..and.state.event...	242
1	2.5	IC_Participate.in.regional..cadre..and.state.event...	90	IC_Establish.district..and.building.level.goal.s.....	IC_Participate.in.regional..cadre..and.state.event...	261
1	2.5	IC_Participate.in.regional..cadre..and.state.event...	90	IC_Revisit.and.revise.PD.plans.based.on.data.	IC_Participate.in.regional..cadre..and.state.event...	280
1	2.5	IC_Participate.in.regional..cadre..and.state.event...	90	IC_Develop.timelines.and.expectations.aligning.imp...	IC_Participate.in.regional..cadre..and.state.event...	299
1	2.5	IC_Participate.in.regional..cadre..and.state.event...	90	IC_Align.implementation.goals.with.CSIP..Comprehen...	IC_Participate.in.regional..cadre..and.state.event...	318
0	2.5	IC_Participate.in.regional..cadre..and.state.event...	90	IC_Teacher_leader_growth_mindset_In_Place	IC_Participate.in.regional..cadre..and.state.event...	337
0	2.5	IC_Participate.in.regional..cadre..and.state.event...	90	IC_Total_amount_in_place	IC_Participate.in.regional..cadre..and.state.event...	356
1	2.5	IC_Support.the.use.of.data..e.g..SAPP..CWIS..to.in...	90	IC_Form.district.leadership.team..DLT....see.Bluep...	IC_Support.the.use.of.data..e.g..SAPP..CWIS..to.in...	16
1	2.5	IC_Support.the.use.of.data..e.g..SAPP..CWIS..to.in...	90	IC_Designate.district.level.contact.person.	IC_Support.the.use.of.data..e.g..SAPP..CWIS..to.in...	35
1	2.5	IC_Support.the.use.of.data..e.g..SAPP..CWIS..to.in...	90	IC_Designate.building.level.contact.person..for.ea...	IC_Support.the.use.of.data..e.g..SAPP..CWIS..to.in...	54
1	2.5	IC_Support.the.use.of.data..e.g..SAPP..CWIS..to.in...	90	IC_Develop.protocol.for.maintaining.ongoing.commun...	IC_Support.the.use.of.data..e.g..SAPP..CWIS..to.in...	73
1	2.5	IC_Support.the.use.of.data..e.g..SAPP..CWIS..to.in...	90	IC_Develop.a.district.wide.plan.for.consistent.and...	IC_Support.the.use.of.data..e.g..SAPP..CWIS..to.in...	92
1	2.5	IC_Support.the.use.of.data..e.g..SAPP..CWIS..to.in...	90	IC_Identify.a.process.for.monitoring.progress.of.t...	IC_Support.the.use.of.data..e.g..SAPP..CWIS..to.in...	111
1	2.5	IC_Support.the.use.of.data..e.g..SAPP..CWIS..to.in...	90	IC_Administer.Self.Assessment.Practice.Profile.at....	IC_Support.the.use.of.data..e.g..SAPP..CWIS..to.in...	130
1	2.5	IC_Support.the.use.of.data..e.g..SAPP..CWIS..to.in...	90	IC_Administer.implementation.survey..e.g..Collabor...	IC_Support.the.use.of.data..e.g..SAPP..CWIS..to.in...	149
1	2.5	IC_Support.the.use.of.data..e.g..SAPP..CWIS..to.in...	90	IC_Use.technology.to.increase.the.quality.and.time...	IC_Support.the.use.of.data..e.g..SAPP..CWIS..to.in...	168
1	2.5	IC_Support.the.use.of.data..e.g..SAPP..CWIS..to.in...	90	IC_Participate.in.regional..cadre..and.state.event...	IC_Support.the.use.of.data..e.g..SAPP..CWIS..to.in...	187
1	2.5	IC_Support.the.use.of.data..e.g..SAPP..CWIS..to.in...	90	IC_Support.the.use.of.data..e.g..SAPP..CWIS..to.in...	IC_Support.the.use.of.data..e.g..SAPP..CWIS..to.in...	206
1	2.5	IC_Support.the.use.of.data..e.g..SAPP..CWIS..to.in...	90	IC_Develop.and.implement.protocol.for.conducting.w...	IC_Support.the.use.of.data..e.g..SAPP..CWIS..to.in...	225
1	2.5	IC_Support.the.use.of.data..e.g..SAPP..CWIS..to.in...	90	IC_Annually..summarize.district.wide.fidelity.and....	IC_Support.the.use.of.data..e.g..SAPP..CWIS..to.in...	244
1	2.5	IC_Support.the.use.of.data..e.g..SAPP..CWIS..to.in...	90	IC_Establish.district..and.building.level.goal.s.....	IC_Support.the.use.of.data..e.g..SAPP..CWIS..to.in...	263
1	2.5	IC_Support.the.use.of.data..e.g..SAPP..CWIS..to.in...	90	IC_Revisit.and.revise.PD.plans.based.on.data.	IC_Support.the.use.of.data..e.g..SAPP..CWIS..to.in...	282
1	2.5	IC_Support.the.use.of.data..e.g..SAPP..CWIS..to.in...	90	IC_Develop.timelines.and.expectations.aligning.imp...	IC_Support.the.use.of.data..e.g..SAPP..CWIS..to.in...	301
1	2.5	IC_Support.the.use.of.data..e.g..SAPP..CWIS..to.in...	90	IC_Align.implementation.goals.with.CSIP..Comprehen...	IC_Support.the.use.of.data..e.g..SAPP..CWIS..to.in...	320
0	2.5	IC_Support.the.use.of.data..e.g..SAPP..CWIS..to.in...	90	IC_Teacher_leader_growth_mindset_In_Place	IC_Support.the.use.of.data..e.g..SAPP..CWIS..to.in...	339
0	2.5	IC_Support.the.use.of.data..e.g..SAPP..CWIS..to.in...	90	IC_Total_amount_in_place	IC_Support.the.use.of.data..e.g..SAPP..CWIS..to.in...	358
1	2.5	IC_Develop.and.implement.protocol.for.conducting.w...	90	IC_Form.district.leadership.team..DLT....see.Bluep...	IC_Develop.and.implement.protocol.for.conducting.w...	8
1	2.5	IC_Develop.and.implement.protocol.for.conducting.w...	90	IC_Designate.district.level.contact.person.	IC_Develop.and.implement.protocol.for.conducting.w...	27
1	2.5	IC_Develop.and.implement.protocol.for.conducting.w...	90	IC_Designate.building.level.contact.person..for.ea...	IC_Develop.and.implement.protocol.for.conducting.w...	46
1	2.5	IC_Develop.and.implement.protocol.for.conducting.w...	90	IC_Develop.protocol.for.maintaining.ongoing.commun...	IC_Develop.and.implement.protocol.for.conducting.w...	65
1	2.5	IC_Develop.and.implement.protocol.for.conducting.w...	90	IC_Develop.a.district.wide.plan.for.consistent.and...	IC_Develop.and.implement.protocol.for.conducting.w...	84
1	2.5	IC_Develop.and.implement.protocol.for.conducting.w...	90	IC_Identify.a.process.for.monitoring.progress.of.t...	IC_Develop.and.implement.protocol.for.conducting.w...	103
1	2.5	IC_Develop.and.implement.protocol.for.conducting.w...	90	IC_Administer.Self.Assessment.Practice.Profile.at....	IC_Develop.and.implement.protocol.for.conducting.w...	122
1	2.5	IC_Develop.and.implement.protocol.for.conducting.w...	90	IC_Administer.implementation.survey..e.g..Collabor...	IC_Develop.and.implement.protocol.for.conducting.w...	141
1	2.5	IC_Develop.and.implement.protocol.for.conducting.w...	90	IC_Use.technology.to.increase.the.quality.and.time...	IC_Develop.and.implement.protocol.for.conducting.w...	160
1	2.5	IC_Develop.and.implement.protocol.for.conducting.w...	90	IC_Participate.in.regional..cadre..and.state.event...	IC_Develop.and.implement.protocol.for.conducting.w...	179
1	2.5	IC_Develop.and.implement.protocol.for.conducting.w...	90	IC_Support.the.use.of.data..e.g..SAPP..CWIS..to.in...	IC_Develop.and.implement.protocol.for.conducting.w...	198
1	2.5	IC_Develop.and.implement.protocol.for.conducting.w...	90	IC_Develop.and.implement.protocol.for.conducting.w...	IC_Develop.and.implement.protocol.for.conducting.w...	217
1	2.5	IC_Develop.and.implement.protocol.for.conducting.w...	90	IC_Annually..summarize.district.wide.fidelity.and....	IC_Develop.and.implement.protocol.for.conducting.w...	236
1	2.5	IC_Develop.and.implement.protocol.for.conducting.w...	90	IC_Establish.district..and.building.level.goal.s.....	IC_Develop.and.implement.protocol.for.conducting.w...	255
1	2.5	IC_Develop.and.implement.protocol.for.conducting.w...	90	IC_Revisit.and.revise.PD.plans.based.on.data.	IC_Develop.and.implement.protocol.for.conducting.w...	274
1	2.5	IC_Develop.and.implement.protocol.for.conducting.w...	90	IC_Develop.timelines.and.expectations.aligning.imp...	IC_Develop.and.implement.protocol.for.conducting.w...	293
1	2.5	IC_Develop.and.implement.protocol.for.conducting.w...	90	IC_Align.implementation.goals.with.CSIP..Comprehen...	IC_Develop.and.implement.protocol.for.conducting.w...	312
0	2.5	IC_Develop.and.implement.protocol.for.conducting.w...	90	IC_Teacher_leader_growth_mindset_In_Place	IC_Develop.and.implement.protocol.for.conducting.w...	331
0	2.5	IC_Develop.and.implement.protocol.for.conducting.w...	90	IC_Total_amount_in_place	IC_Develop.and.implement.protocol.for.conducting.w...	350
1	2.5	IC_Annually..summarize.district.wide.fidelity.and....	90	IC_Form.district.leadership.team..DLT....see.Bluep...	IC_Annually..summarize.district.wide.fidelity.and....	4
1	2.5	IC_Annually..summarize.district.wide.fidelity.and....	90	IC_Designate.district.level.contact.person.	IC_Annually..summarize.district.wide.fidelity.and....	23
1	2.5	IC_Annually..summarize.district.wide.fidelity.and....	90	IC_Designate.building.level.contact.person..for.ea...	IC_Annually..summarize.district.wide.fidelity.and....	42
1	2.5	IC_Annually..summarize.district.wide.fidelity.and....	90	IC_Develop.protocol.for.maintaining.ongoing.commun...	IC_Annually..summarize.district.wide.fidelity.and....	61
1	2.5	IC_Annually..summarize.district.wide.fidelity.and....	90	IC_Develop.a.district.wide.plan.for.consistent.and...	IC_Annually..summarize.district.wide.fidelity.and....	80
1	2.5	IC_Annually..summarize.district.wide.fidelity.and....	90	IC_Identify.a.process.for.monitoring.progress.of.t...	IC_Annually..summarize.district.wide.fidelity.and....	99
1	2.5	IC_Annually..summarize.district.wide.fidelity.and....	90	IC_Administer.Self.Assessment.Practice.Profile.at....	IC_Annually..summarize.district.wide.fidelity.and....	118
1	2.5	IC_Annually..summarize.district.wide.fidelity.and....	90	IC_Administer.implementation.survey..e.g..Collabor...	IC_Annually..summarize.district.wide.fidelity.and....	137
1	2.5	IC_Annually..summarize.district.wide.fidelity.and....	90	IC_Use.technology.to.increase.the.quality.and.time...	IC_Annually..summarize.district.wide.fidelity.and....	156
1	2.5	IC_Annually..summarize.district.wide.fidelity.and....	90	IC_Participate.in.regional..cadre..and.state.event...	IC_Annually..summarize.district.wide.fidelity.and....	175
1	2.5	IC_Annually..summarize.district.wide.fidelity.and....	90	IC_Support.the.use.of.data..e.g..SAPP..CWIS..to.in...	IC_Annually..summarize.district.wide.fidelity.and....	194
1	2.5	IC_Annually..summarize.district.wide.fidelity.and....	90	IC_Develop.and.implement.protocol.for.conducting.w...	IC_Annually..summarize.district.wide.fidelity.and....	213
1	2.5	IC_Annually..summarize.district.wide.fidelity.and....	90	IC_Annually..summarize.district.wide.fidelity.and....	IC_Annually..summarize.district.wide.fidelity.and....	232
1	2.5	IC_Annually..summarize.district.wide.fidelity.and....	90	IC_Establish.district..and.building.level.goal.s.....	IC_Annually..summarize.district.wide.fidelity.and....	251
1	2.5	IC_Annually..summarize.district.wide.fidelity.and....	90	IC_Revisit.and.revise.PD.plans.based.on.data.	IC_Annually..summarize.district.wide.fidelity.and....	270
1	2.5	IC_Annually..summarize.district.wide.fidelity.and....	90	IC_Develop.timelines.and.expectations.aligning.imp...	IC_Annually..summarize.district.wide.fidelity.and....	289
1	2.5	IC_Annually..summarize.district.wide.fidelity.and....	90	IC_Align.implementation.goals.with.CSIP..Comprehen...	IC_Annually..summarize.district.wide.fidelity.and....	308
0	2.5	IC_Annually..summarize.district.wide.fidelity.and....	90	IC_Teacher_leader_growth_mindset_In_Place	IC_Annually..summarize.district.wide.fidelity.and....	327
0	2.5	IC_Annually..summarize.district.wide.fidelity.and....	90	IC_Total_amount_in_place	IC_Annually..summarize.district.wide.fidelity.and....	346
1	2.5	IC_Establish.district..and.building.level.goal.s.....	90	IC_Form.district.leadership.team..DLT....see.Bluep...	IC_Establish.district..and.building.level.goal.s.....	11
1	2.5	IC_Establish.district..and.building.level.goal.s.....	90	IC_Designate.district.level.contact.person.	IC_Establish.district..and.building.level.goal.s.....	30
1	2.5	IC_Establish.district..and.building.level.goal.s.....	90	IC_Designate.building.level.contact.person..for.ea...	IC_Establish.district..and.building.level.goal.s.....	49
1	2.5	IC_Establish.district..and.building.level.goal.s.....	90	IC_Develop.protocol.for.maintaining.ongoing.commun...	IC_Establish.district..and.building.level.goal.s.....	68
1	2.5	IC_Establish.district..and.building.level.goal.s.....	90	IC_Develop.a.district.wide.plan.for.consistent.and...	IC_Establish.district..and.building.level.goal.s.....	87
1	2.5	IC_Establish.district..and.building.level.goal.s.....	90	IC_Identify.a.process.for.monitoring.progress.of.t...	IC_Establish.district..and.building.level.goal.s.....	106
1	2.5	IC_Establish.district..and.building.level.goal.s.....	90	IC_Administer.Self.Assessment.Practice.Profile.at....	IC_Establish.district..and.building.level.goal.s.....	125
1	2.5	IC_Establish.district..and.building.level.goal.s.....	90	IC_Administer.implementation.survey..e.g..Collabor...	IC_Establish.district..and.building.level.goal.s.....	144
1	2.5	IC_Establish.district..and.building.level.goal.s.....	90	IC_Use.technology.to.increase.the.quality.and.time...	IC_Establish.district..and.building.level.goal.s.....	163
1	2.5	IC_Establish.district..and.building.level.goal.s.....	90	IC_Participate.in.regional..cadre..and.state.event...	IC_Establish.district..and.building.level.goal.s.....	182
1	2.5	IC_Establish.district..and.building.level.goal.s.....	90	IC_Support.the.use.of.data..e.g..SAPP..CWIS..to.in...	IC_Establish.district..and.building.level.goal.s.....	201
1	2.5	IC_Establish.district..and.building.level.goal.s.....	90	IC_Develop.and.implement.protocol.for.conducting.w...	IC_Establish.district..and.building.level.goal.s.....	220
1	2.5	IC_Establish.district..and.building.level.goal.s.....	90	IC_Annually..summarize.district.wide.fidelity.and....	IC_Establish.district..and.building.level.goal.s.....	239
1	2.5	IC_Establish.district..and.building.level.goal.s.....	90	IC_Establish.district..and.building.level.goal.s.....	IC_Establish.district..and.building.level.goal.s.....	258
1	2.5	IC_Establish.district..and.building.level.goal.s.....	90	IC_Revisit.and.revise.PD.plans.based.on.data.	IC_Establish.district..and.building.level.goal.s.....	277
1	2.5	IC_Establish.district..and.building.level.goal.s.....	90	IC_Develop.timelines.and.expectations.aligning.imp...	IC_Establish.district..and.building.level.goal.s.....	296
1	2.5	IC_Establish.district..and.building.level.goal.s.....	90	IC_Align.implementation.goals.with.CSIP..Comprehen...	IC_Establish.district..and.building.level.goal.s.....	315
0	2.5	IC_Establish.district..and.building.level.goal.s.....	90	IC_Teacher_leader_growth_mindset_In_Place	IC_Establish.district..and.building.level.goal.s.....	334
0	2.5	IC_Establish.district..and.building.level.goal.s.....	90	IC_Total_amount_in_place	IC_Establish.district..and.building.level.goal.s.....	353
1	2.5	IC_Revisit.and.revise.PD.plans.based.on.data.	90	IC_Form.district.leadership.team..DLT....see.Bluep...	IC_Revisit.and.revise.PD.plans.based.on.data.	15
1	2.5	IC_Revisit.and.revise.PD.plans.based.on.data.	90	IC_Designate.district.level.contact.person.	IC_Revisit.and.revise.PD.plans.based.on.data.	34
1	2.5	IC_Revisit.and.revise.PD.plans.based.on.data.	90	IC_Designate.building.level.contact.person..for.ea...	IC_Revisit.and.revise.PD.plans.based.on.data.	53
1	2.5	IC_Revisit.and.revise.PD.plans.based.on.data.	90	IC_Develop.protocol.for.maintaining.ongoing.commun...	IC_Revisit.and.revise.PD.plans.based.on.data.	72
1	2.5	IC_Revisit.and.revise.PD.plans.based.on.data.	90	IC_Develop.a.district.wide.plan.for.consistent.and...	IC_Revisit.and.revise.PD.plans.based.on.data.	91
1	2.5	IC_Revisit.and.revise.PD.plans.based.on.data.	90	IC_Identify.a.process.for.monitoring.progress.of.t...	IC_Revisit.and.revise.PD.plans.based.on.data.	110
1	2.5	IC_Revisit.and.revise.PD.plans.based.on.data.	90	IC_Administer.Self.Assessment.Practice.Profile.at....	IC_Revisit.and.revise.PD.plans.based.on.data.	129
1	2.5	IC_Revisit.and.revise.PD.plans.based.on.data.	90	IC_Administer.implementation.survey..e.g..Collabor...	IC_Revisit.and.revise.PD.plans.based.on.data.	148
1	2.5	IC_Revisit.and.revise.PD.plans.based.on.data.	90	IC_Use.technology.to.increase.the.quality.and.time...	IC_Revisit.and.revise.PD.plans.based.on.data.	167
1	2.5	IC_Revisit.and.revise.PD.plans.based.on.data.	90	IC_Participate.in.regional..cadre..and.state.event...	IC_Revisit.and.revise.PD.plans.based.on.data.	186
1	2.5	IC_Revisit.and.revise.PD.plans.based.on.data.	90	IC_Support.the.use.of.data..e.g..SAPP..CWIS..to.in...	IC_Revisit.and.revise.PD.plans.based.on.data.	205
1	2.5	IC_Revisit.and.revise.PD.plans.based.on.data.	90	IC_Develop.and.implement.protocol.for.conducting.w...	IC_Revisit.and.revise.PD.plans.based.on.data.	224
1	2.5	IC_Revisit.and.revise.PD.plans.based.on.data.	90	IC_Annually..summarize.district.wide.fidelity.and....	IC_Revisit.and.revise.PD.plans.based.on.data.	243
1	2.5	IC_Revisit.and.revise.PD.plans.based.on.data.	90	IC_Establish.district..and.building.level.goal.s.....	IC_Revisit.and.revise.PD.plans.based.on.data.	262
1	2.5	IC_Revisit.and.revise.PD.plans.based.on.data.	90	IC_Revisit.and.revise.PD.plans.based.on.data.	IC_Revisit.and.revise.PD.plans.based.on.data.	281
1	2.5	IC_Revisit.and.revise.PD.plans.based.on.data.	90	IC_Develop.timelines.and.expectations.aligning.imp...	IC_Revisit.and.revise.PD.plans.based.on.data.	300
1	2.5	IC_Revisit.and.revise.PD.plans.based.on.data.	90	IC_Align.implementation.goals.with.CSIP..Comprehen...	IC_Revisit.and.revise.PD.plans.based.on.data.	319
0	2.5	IC_Revisit.and.revise.PD.plans.based.on.data.	90	IC_Teacher_leader_growth_mindset_In_Place	IC_Revisit.and.revise.PD.plans.based.on.data.	338
0	2.5	IC_Revisit.and.revise.PD.plans.based.on.data.	90	IC_Total_amount_in_place	IC_Revisit.and.revise.PD.plans.based.on.data.	357
1	2.5	IC_Develop.timelines.and.expectations.aligning.imp...	90	IC_Form.district.leadership.team..DLT....see.Bluep...	IC_Develop.timelines.and.expectations.aligning.imp...	10
1	2.5	IC_Develop.timelines.and.expectations.aligning.imp...	90	IC_Designate.district.level.contact.person.	IC_Develop.timelines.and.expectations.aligning.imp...	29
1	2.5	IC_Develop.timelines.and.expectations.aligning.imp...	90	IC_Designate.building.level.contact.person..for.ea...	IC_Develop.timelines.and.expectations.aligning.imp...	48
1	2.5	IC_Develop.timelines.and.expectations.aligning.imp...	90	IC_Develop.protocol.for.maintaining.ongoing.commun...	IC_Develop.timelines.and.expectations.aligning.imp...	67
1	2.5	IC_Develop.timelines.and.expectations.aligning.imp...	90	IC_Develop.a.district.wide.plan.for.consistent.and...	IC_Develop.timelines.and.expectations.aligning.imp...	86
1	2.5	IC_Develop.timelines.and.expectations.aligning.imp...	90	IC_Identify.a.process.for.monitoring.progress.of.t...	IC_Develop.timelines.and.expectations.aligning.imp...	105
1	2.5	IC_Develop.timelines.and.expectations.aligning.imp...	90	IC_Administer.Self.Assessment.Practice.Profile.at....	IC_Develop.timelines.and.expectations.aligning.imp...	124
1	2.5	IC_Develop.timelines.and.expectations.aligning.imp...	90	IC_Administer.implementation.survey..e.g..Collabor...	IC_Develop.timelines.and.expectations.aligning.imp...	143
1	2.5	IC_Develop.timelines.and.expectations.aligning.imp...	90	IC_Use.technology.to.increase.the.quality.and.time...	IC_Develop.timelines.and.expectations.aligning.imp...	162
1	2.5	IC_Develop.timelines.and.expectations.aligning.imp...	90	IC_Participate.in.regional..cadre..and.state.event...	IC_Develop.timelines.and.expectations.aligning.imp...	181
1	2.5	IC_Develop.timelines.and.expectations.aligning.imp...	90	IC_Support.the.use.of.data..e.g..SAPP..CWIS..to.in...	IC_Develop.timelines.and.expectations.aligning.imp...	200
1	2.5	IC_Develop.timelines.and.expectations.aligning.imp...	90	IC_Develop.and.implement.protocol.for.conducting.w...	IC_Develop.timelines.and.expectations.aligning.imp...	219
1	2.5	IC_Develop.timelines.and.expectations.aligning.imp...	90	IC_Annually..summarize.district.wide.fidelity.and....	IC_Develop.timelines.and.expectations.aligning.imp...	238
1	2.5	IC_Develop.timelines.and.expectations.aligning.imp...	90	IC_Establish.district..and.building.level.goal.s.....	IC_Develop.timelines.and.expectations.aligning.imp...	257
1	2.5	IC_Develop.timelines.and.expectations.aligning.imp...	90	IC_Revisit.and.revise.PD.plans.based.on.data.	IC_Develop.timelines.and.expectations.aligning.imp...	276
1	2.5	IC_Develop.timelines.and.expectations.aligning.imp...	90	IC_Develop.timelines.and.expectations.aligning.imp...	IC_Develop.timelines.and.expectations.aligning.imp...	295
1	2.5	IC_Develop.timelines.and.expectations.aligning.imp...	90	IC_Align.implementation.goals.with.CSIP..Comprehen...	IC_Develop.timelines.and.expectations.aligning.imp...	314
0	2.5	IC_Develop.timelines.and.expectations.aligning.imp...	90	IC_Teacher_leader_growth_mindset_In_Place	IC_Develop.timelines.and.expectations.aligning.imp...	333
0	2.5	IC_Develop.timelines.and.expectations.aligning.imp...	90	IC_Total_amount_in_place	IC_Develop.timelines.and.expectations.aligning.imp...	352
1	2.5	IC_Align.implementation.goals.with.CSIP..Comprehen...	90	IC_Form.district.leadership.team..DLT....see.Bluep...	IC_Align.implementation.goals.with.CSIP..Comprehen...	3
1	2.5	IC_Align.implementation.goals.with.CSIP..Comprehen...	90	IC_Designate.district.level.contact.person.	IC_Align.implementation.goals.with.CSIP..Comprehen...	22
1	2.5	IC_Align.implementation.goals.with.CSIP..Comprehen...	90	IC_Designate.building.level.contact.person..for.ea...	IC_Align.implementation.goals.with.CSIP..Comprehen...	41
1	2.5	IC_Align.implementation.goals.with.CSIP..Comprehen...	90	IC_Develop.protocol.for.maintaining.ongoing.commun...	IC_Align.implementation.goals.with.CSIP..Comprehen...	60
1	2.5	IC_Align.implementation.goals.with.CSIP..Comprehen...	90	IC_Develop.a.district.wide.plan.for.consistent.and...	IC_Align.implementation.goals.with.CSIP..Comprehen...	79
1	2.5	IC_Align.implementation.goals.with.CSIP..Comprehen...	90	IC_Identify.a.process.for.monitoring.progress.of.t...	IC_Align.implementation.goals.with.CSIP..Comprehen...	98
1	2.5	IC_Align.implementation.goals.with.CSIP..Comprehen...	90	IC_Administer.Self.Assessment.Practice.Profile.at....	IC_Align.implementation.goals.with.CSIP..Comprehen...	117
1	2.5	IC_Align.implementation.goals.with.CSIP..Comprehen...	90	IC_Administer.implementation.survey..e.g..Collabor...	IC_Align.implementation.goals.with.CSIP..Comprehen...	136
1	2.5	IC_Align.implementation.goals.with.CSIP..Comprehen...	90	IC_Use.technology.to.increase.the.quality.and.time...	IC_Align.implementation.goals.with.CSIP..Comprehen...	155
1	2.5	IC_Align.implementation.goals.with.CSIP..Comprehen...	90	IC_Participate.in.regional..cadre..and.state.event...	IC_Align.implementation.goals.with.CSIP..Comprehen...	174
1	2.5	IC_Align.implementation.goals.with.CSIP..Comprehen...	90	IC_Support.the.use.of.data..e.g..SAPP..CWIS..to.in...	IC_Align.implementation.goals.with.CSIP..Comprehen...	193
1	2.5	IC_Align.implementation.goals.with.CSIP..Comprehen...	90	IC_Develop.and.implement.protocol.for.conducting.w...	IC_Align.implementation.goals.with.CSIP..Comprehen...	212
1	2.5	IC_Align.implementation.goals.with.CSIP..Comprehen...	90	IC_Annually..summarize.district.wide.fidelity.and....	IC_Align.implementation.goals.with.CSIP..Comprehen...	231
1	2.5	IC_Align.implementation.goals.with.CSIP..Comprehen...	90	IC_Establish.district..and.building.level.goal.s.....	IC_Align.implementation.goals.with.CSIP..Comprehen...	250
1	2.5	IC_Align.implementation.goals.with.CSIP..Comprehen...	90	IC_Revisit.and.revise.PD.plans.based.on.data.	IC_Align.implementation.goals.with.CSIP..Comprehen...	269
1	2.5	IC_Align.implementation.goals.with.CSIP..Comprehen...	90	IC_Develop.timelines.and.expectations.aligning.imp...	IC_Align.implementation.goals.with.CSIP..Comprehen...	288
1	2.5	IC_Align.implementation.goals.with.CSIP..Comprehen...	90	IC_Align.implementation.goals.with.CSIP..Comprehen...	IC_Align.implementation.goals.with.CSIP..Comprehen...	307
0	2.5	IC_Align.implementation.goals.with.CSIP..Comprehen...	90	IC_Teacher_leader_growth_mindset_In_Place	IC_Align.implementation.goals.with.CSIP..Comprehen...	326
0	2.5	IC_Align.implementation.goals.with.CSIP..Comprehen...	90	IC_Total_amount_in_place	IC_Align.implementation.goals.with.CSIP..Comprehen...	345
1	5	IC_Teacher_leader_growth_mindset_In_Place	90	IC_Form.district.leadership.team..DLT....see.Bluep...	IC_Teacher_leader_growth_mindset_In_Place	17
1	5	IC_Teacher_leader_growth_mindset_In_Place	90	IC_Designate.district.level.contact.person.	IC_Teacher_leader_growth_mindset_In_Place	36
1	5	IC_Teacher_leader_growth_mindset_In_Place	90	IC_Designate.building.level.contact.person..for.ea...	IC_Teacher_leader_growth_mindset_In_Place	55
1	5	IC_Teacher_leader_growth_mindset_In_Place	90	IC_Develop.protocol.for.maintaining.ongoing.commun...	IC_Teacher_leader_growth_mindset_In_Place	74
1	5	IC_Teacher_leader_growth_mindset_In_Place	90	IC_Develop.a.district.wide.plan.for.consistent.and...	IC_Teacher_leader_growth_mindset_In_Place	93
1	5	IC_Teacher_leader_growth_mindset_In_Place	90	IC_Identify.a.process.for.monitoring.progress.of.t...	IC_Teacher_leader_growth_mindset_In_Place	112
1	5	IC_Teacher_leader_growth_mindset_In_Place	90	IC_Administer.Self.Assessment.Practice.Profile.at....	IC_Teacher_leader_growth_mindset_In_Place	131
1	5	IC_Teacher_leader_growth_mindset_In_Place	90	IC_Administer.implementation.survey..e.g..Collabor...	IC_Teacher_leader_growth_mindset_In_Place	150
1	5	IC_Teacher_leader_growth_mindset_In_Place	90	IC_Use.technology.to.increase.the.quality.and.time...	IC_Teacher_leader_growth_mindset_In_Place	169
1	5	IC_Teacher_leader_growth_mindset_In_Place	90	IC_Participate.in.regional..cadre..and.state.event...	IC_Teacher_leader_growth_mindset_In_Place	188
1	5	IC_Teacher_leader_growth_mindset_In_Place	90	IC_Support.the.use.of.data..e.g..SAPP..CWIS..to.in...	IC_Teacher_leader_growth_mindset_In_Place	207
1	5	IC_Teacher_leader_growth_mindset_In_Place	90	IC_Develop.and.implement.protocol.for.conducting.w...	IC_Teacher_leader_growth_mindset_In_Place	226
1	5	IC_Teacher_leader_growth_mindset_In_Place	90	IC_Annually..summarize.district.wide.fidelity.and....	IC_Teacher_leader_growth_mindset_In_Place	245
1	5	IC_Teacher_leader_growth_mindset_In_Place	90	IC_Establish.district..and.building.level.goal.s.....	IC_Teacher_leader_growth_mindset_In_Place	264
1	5	IC_Teacher_leader_growth_mindset_In_Place	90	IC_Revisit.and.revise.PD.plans.based.on.data.	IC_Teacher_leader_growth_mindset_In_Place	283
1	5	IC_Teacher_leader_growth_mindset_In_Place	90	IC_Develop.timelines.and.expectations.aligning.imp...	IC_Teacher_leader_growth_mindset_In_Place	302
1	5	IC_Teacher_leader_growth_mindset_In_Place	90	IC_Align.implementation.goals.with.CSIP..Comprehen...	IC_Teacher_leader_growth_mindset_In_Place	321
0	5	IC_Teacher_leader_growth_mindset_In_Place	90	IC_Teacher_leader_growth_mindset_In_Place	IC_Teacher_leader_growth_mindset_In_Place	340
0	5	IC_Teacher_leader_growth_mindset_In_Place	90	IC_Total_amount_in_place	IC_Teacher_leader_growth_mindset_In_Place	359
1	8.5	IC_Total_amount_in_place	90	IC_Form.district.leadership.team..DLT....see.Bluep...	IC_Total_amount_in_place	18
1	8.5	IC_Total_amount_in_place	90	IC_Designate.district.level.contact.person.	IC_Total_amount_in_place	37
1	8.5	IC_Total_amount_in_place	90	IC_Designate.building.level.contact.person..for.ea...	IC_Total_amount_in_place	56
1	8.5	IC_Total_amount_in_place	90	IC_Develop.protocol.for.maintaining.ongoing.commun...	IC_Total_amount_in_place	75
1	8.5	IC_Total_amount_in_place	90	IC_Develop.a.district.wide.plan.for.consistent.and...	IC_Total_amount_in_place	94
1	8.5	IC_Total_amount_in_place	90	IC_Identify.a.process.for.monitoring.progress.of.t...	IC_Total_amount_in_place	113
1	8.5	IC_Total_amount_in_place	90	IC_Administer.Self.Assessment.Practice.Profile.at....	IC_Total_amount_in_place	132
1	8.5	IC_Total_amount_in_place	90	IC_Administer.implementation.survey..e.g..Collabor...	IC_Total_amount_in_place	151
1	8.5	IC_Total_amount_in_place	90	IC_Use.technology.to.increase.the.quality.and.time...	IC_Total_amount_in_place	170
1	8.5	IC_Total_amount_in_place	90	IC_Participate.in.regional..cadre..and.state.event...	IC_Total_amount_in_place	189
1	8.5	IC_Total_amount_in_place	90	IC_Support.the.use.of.data..e.g..SAPP..CWIS..to.in...	IC_Total_amount_in_place	208
1	8.5	IC_Total_amount_in_place	90	IC_Develop.and.implement.protocol.for.conducting.w...	IC_Total_amount_in_place	227
1	8.5	IC_Total_amount_in_place	90	IC_Annually..summarize.district.wide.fidelity.and....	IC_Total_amount_in_place	246
1	8.5	IC_Total_amount_in_place	90	IC_Establish.district..and.building.level.goal.s.....	IC_Total_amount_in_place	265
1	8.5	IC_Total_amount_in_place	90	IC_Revisit.and.revise.PD.plans.based.on.data.	IC_Total_amount_in_place	284
1	8.5	IC_Total_amount_in_place	90	IC_Develop.timelines.and.expectations.aligning.imp...	IC_Total_amount_in_place	303
1	8.5	IC_Total_amount_in_place	90	IC_Align.implementation.goals.with.CSIP..Comprehen...	IC_Total_amount_in_place	322
0	8.5	IC_Total_amount_in_place	90	IC_Teacher_leader_growth_mindset_In_Place	IC_Total_amount_in_place	341
0	8.5	IC_Total_amount_in_place	90	IC_Total_amount_in_place	IC_Total_amount_in_place	360
