fill	x	y	key	clickSelects	showSelected1	group	xmin	xmax	ymin	ymax	colour	size
#FFBCA7	1	6	Administer.Self.Assessment.Practice.Profile.at....	Administer.Self.Assessment.Practice.Profile.at....	Form.district.leadership.team..DLT....see.Bluep...	20	0.5	1.5	5.5	6.5	#FFBCA7	0
#FFECE5	1	12	Administer.Self.Assessment.Practice.Profile.at....	Administer.Self.Assessment.Practice.Profile.at....	Designate.district.level.contact.person.	21	0.5	1.5	11.5	12.5	#FFECE5	0
#FFB9A3	1	7	Administer.Self.Assessment.Practice.Profile.at....	Administer.Self.Assessment.Practice.Profile.at....	Designate.building.level.contact.person..for.ea...	22	0.5	1.5	6.5	7.5	#FFB9A3	0
#FF9476	1	5	Administer.Self.Assessment.Practice.Profile.at....	Administer.Self.Assessment.Practice.Profile.at....	Develop.protocol.for.maintaining.ongoing.commun...	23	0.5	1.5	4.5	5.5	#FF9476	0
#FFA58A	1	9	Administer.Self.Assessment.Practice.Profile.at....	Administer.Self.Assessment.Practice.Profile.at....	Develop.a.district.wide.plan.for.consistent.and...	24	0.5	1.5	8.5	9.5	#FFA58A	0
#FF9172	1	6	Administer.Self.Assessment.Practice.Profile.at....	Administer.Self.Assessment.Practice.Profile.at....	Identify.a.process.for.monitoring.progress.of.t...	25	0.5	1.5	5.5	6.5	#FF9172	0
#FF0000	1	1	Administer.Self.Assessment.Practice.Profile.at....	Administer.Self.Assessment.Practice.Profile.at....	Administer.Self.Assessment.Practice.Profile.at....	26	0.5	1.5	0.5	1.5	#FF0000	0
#FFB7A0	1	3	Administer.Self.Assessment.Practice.Profile.at....	Administer.Self.Assessment.Practice.Profile.at....	Administer.implementation.survey..e.g..Collabor...	27	0.5	1.5	2.5	3.5	#FFB7A0	0
#FFA488	1	10	Administer.Self.Assessment.Practice.Profile.at....	Administer.Self.Assessment.Practice.Profile.at....	Use.technology.to.increase.the.quality.and.time...	28	0.5	1.5	9.5	10.5	#FFA488	0
#FFA68B	1	2	Administer.Self.Assessment.Practice.Profile.at....	Administer.Self.Assessment.Practice.Profile.at....	Participate.in.regional..cadre..and.state.event...	29	0.5	1.5	1.5	2.5	#FFA68B	0
#FF7C5B	1	2	Administer.Self.Assessment.Practice.Profile.at....	Administer.Self.Assessment.Practice.Profile.at....	Support.the.use.of.data..e.g..SAPP..CWIS..to.in...	30	0.5	1.5	1.5	2.5	#FF7C5B	0
#FF997C	1	8	Administer.Self.Assessment.Practice.Profile.at....	Administer.Self.Assessment.Practice.Profile.at....	Develop.and.implement.protocol.for.conducting.w...	31	0.5	1.5	7.5	8.5	#FF997C	0
#FF9D80	1	9	Administer.Self.Assessment.Practice.Profile.at....	Administer.Self.Assessment.Practice.Profile.at....	Annually..summarize.district.wide.fidelity.and....	32	0.5	1.5	8.5	9.5	#FF9D80	0
#FF9273	1	7	Administer.Self.Assessment.Practice.Profile.at....	Administer.Self.Assessment.Practice.Profile.at....	Establish.district..and.building.level.goal.s.....	33	0.5	1.5	6.5	7.5	#FF9273	0
#FF9A7C	1	8	Administer.Self.Assessment.Practice.Profile.at....	Administer.Self.Assessment.Practice.Profile.at....	Revisit.and.revise.PD.plans.based.on.data.	34	0.5	1.5	7.5	8.5	#FF9A7C	0
#FF997B	1	10	Administer.Self.Assessment.Practice.Profile.at....	Administer.Self.Assessment.Practice.Profile.at....	Develop.timelines.and.expectations.aligning.imp...	35	0.5	1.5	9.5	10.5	#FF997B	0
#FFB097	1	10	Administer.Self.Assessment.Practice.Profile.at....	Administer.Self.Assessment.Practice.Profile.at....	Align.implementation.goals.with.CSIP..Comprehen...	36	0.5	1.5	9.5	10.5	#FFB097	0
#FF6F4E	1	3	Administer.Self.Assessment.Practice.Profile.at....	Administer.Self.Assessment.Practice.Profile.at....	Teacher.leader.growth.mindset.In.Place	37	0.5	1.5	2.5	3.5	#FF6F4E	0
#FF7351	1	5	Administer.Self.Assessment.Practice.Profile.at....	Administer.Self.Assessment.Practice.Profile.at....	Total.amount.in.place	38	0.5	1.5	4.5	5.5	#FF7351	0
#FFD8CA	1	15	Administer.implementation.survey..e.g..Collabor...	Administer.implementation.survey..e.g..Collabor...	Form.district.leadership.team..DLT....see.Bluep...	1	0.5	1.5	14.5	15.5	#FFD8CA	0
#FFE8DF	1	7	Administer.implementation.survey..e.g..Collabor...	Administer.implementation.survey..e.g..Collabor...	Designate.district.level.contact.person.	2	0.5	1.5	6.5	7.5	#FFE8DF	0
#FFD4C4	1	15	Administer.implementation.survey..e.g..Collabor...	Administer.implementation.survey..e.g..Collabor...	Designate.building.level.contact.person..for.ea...	3	0.5	1.5	14.5	15.5	#FFD4C4	0
#FFC5B2	1	16	Administer.implementation.survey..e.g..Collabor...	Administer.implementation.survey..e.g..Collabor...	Develop.protocol.for.maintaining.ongoing.commun...	4	0.5	1.5	15.5	16.5	#FFC5B2	0
#FFC8B5	1	16	Administer.implementation.survey..e.g..Collabor...	Administer.implementation.survey..e.g..Collabor...	Develop.a.district.wide.plan.for.consistent.and...	5	0.5	1.5	15.5	16.5	#FFC8B5	0
#FFC3AF	1	14	Administer.implementation.survey..e.g..Collabor...	Administer.implementation.survey..e.g..Collabor...	Identify.a.process.for.monitoring.progress.of.t...	6	0.5	1.5	13.5	14.5	#FFC3AF	0
#FFB7A0	1	14	Administer.implementation.survey..e.g..Collabor...	Administer.implementation.survey..e.g..Collabor...	Administer.Self.Assessment.Practice.Profile.at....	7	0.5	1.5	13.5	14.5	#FFB7A0	0
#FF0000	1	1	Administer.implementation.survey..e.g..Collabor...	Administer.implementation.survey..e.g..Collabor...	Administer.implementation.survey..e.g..Collabor...	8	0.5	1.5	0.5	1.5	#FF0000	0
#FFC9B7	1	14	Administer.implementation.survey..e.g..Collabor...	Administer.implementation.survey..e.g..Collabor...	Use.technology.to.increase.the.quality.and.time...	9	0.5	1.5	13.5	14.5	#FFC9B7	0
#FFD7C9	1	15	Administer.implementation.survey..e.g..Collabor...	Administer.implementation.survey..e.g..Collabor...	Participate.in.regional..cadre..and.state.event...	10	0.5	1.5	14.5	15.5	#FFD7C9	0
#FFB39B	1	13	Administer.implementation.survey..e.g..Collabor...	Administer.implementation.survey..e.g..Collabor...	Support.the.use.of.data..e.g..SAPP..CWIS..to.in...	11	0.5	1.5	12.5	13.5	#FFB39B	0
#FFD3C3	1	15	Administer.implementation.survey..e.g..Collabor...	Administer.implementation.survey..e.g..Collabor...	Develop.and.implement.protocol.for.conducting.w...	12	0.5	1.5	14.5	15.5	#FFD3C3	0
#FFC5B1	1	14	Administer.implementation.survey..e.g..Collabor...	Administer.implementation.survey..e.g..Collabor...	Annually..summarize.district.wide.fidelity.and....	13	0.5	1.5	13.5	14.5	#FFC5B1	0
#FFC3AE	1	14	Administer.implementation.survey..e.g..Collabor...	Administer.implementation.survey..e.g..Collabor...	Establish.district..and.building.level.goal.s.....	14	0.5	1.5	13.5	14.5	#FFC3AE	0
#FFBCA7	1	13	Administer.implementation.survey..e.g..Collabor...	Administer.implementation.survey..e.g..Collabor...	Revisit.and.revise.PD.plans.based.on.data.	15	0.5	1.5	12.5	13.5	#FFBCA7	0
#FFCBBA	1	16	Administer.implementation.survey..e.g..Collabor...	Administer.implementation.survey..e.g..Collabor...	Develop.timelines.and.expectations.aligning.imp...	16	0.5	1.5	15.5	16.5	#FFCBBA	0
#FFCDBC	1	15	Administer.implementation.survey..e.g..Collabor...	Administer.implementation.survey..e.g..Collabor...	Align.implementation.goals.with.CSIP..Comprehen...	17	0.5	1.5	14.5	15.5	#FFCDBC	0
#FFA084	1	13	Administer.implementation.survey..e.g..Collabor...	Administer.implementation.survey..e.g..Collabor...	Teacher.leader.growth.mindset.In.Place	18	0.5	1.5	12.5	13.5	#FFA084	0
#FFA286	1	13	Administer.implementation.survey..e.g..Collabor...	Administer.implementation.survey..e.g..Collabor...	Total.amount.in.place	19	0.5	1.5	12.5	13.5	#FFA286	0
#FFCDBC	1	11	Align.implementation.goals.with.CSIP..Comprehen...	Align.implementation.goals.with.CSIP..Comprehen...	Form.district.leadership.team..DLT....see.Bluep...	39	0.5	1.5	10.5	11.5	#FFCDBC	0
#FFECE5	1	13	Align.implementation.goals.with.CSIP..Comprehen...	Align.implementation.goals.with.CSIP..Comprehen...	Designate.district.level.contact.person.	40	0.5	1.5	12.5	13.5	#FFECE5	0
#FFD1C1	1	13	Align.implementation.goals.with.CSIP..Comprehen...	Align.implementation.goals.with.CSIP..Comprehen...	Designate.building.level.contact.person..for.ea...	41	0.5	1.5	12.5	13.5	#FFD1C1	0
#FFB39B	1	12	Align.implementation.goals.with.CSIP..Comprehen...	Align.implementation.goals.with.CSIP..Comprehen...	Develop.protocol.for.maintaining.ongoing.commun...	42	0.5	1.5	11.5	12.5	#FFB39B	0
#FFA78C	1	10	Align.implementation.goals.with.CSIP..Comprehen...	Align.implementation.goals.with.CSIP..Comprehen...	Develop.a.district.wide.plan.for.consistent.and...	43	0.5	1.5	9.5	10.5	#FFA78C	0
#FFAA90	1	12	Align.implementation.goals.with.CSIP..Comprehen...	Align.implementation.goals.with.CSIP..Comprehen...	Identify.a.process.for.monitoring.progress.of.t...	44	0.5	1.5	11.5	12.5	#FFAA90	0
#FFB097	1	13	Align.implementation.goals.with.CSIP..Comprehen...	Align.implementation.goals.with.CSIP..Comprehen...	Administer.Self.Assessment.Practice.Profile.at....	45	0.5	1.5	12.5	13.5	#FFB097	0
#FFCDBC	1	12	Align.implementation.goals.with.CSIP..Comprehen...	Align.implementation.goals.with.CSIP..Comprehen...	Administer.implementation.survey..e.g..Collabor...	46	0.5	1.5	11.5	12.5	#FFCDBC	0
#FFB299	1	12	Align.implementation.goals.with.CSIP..Comprehen...	Align.implementation.goals.with.CSIP..Comprehen...	Use.technology.to.increase.the.quality.and.time...	47	0.5	1.5	11.5	12.5	#FFB299	0
#FFB9A2	1	8	Align.implementation.goals.with.CSIP..Comprehen...	Align.implementation.goals.with.CSIP..Comprehen...	Participate.in.regional..cadre..and.state.event...	48	0.5	1.5	7.5	8.5	#FFB9A2	0
#FFAD94	1	12	Align.implementation.goals.with.CSIP..Comprehen...	Align.implementation.goals.with.CSIP..Comprehen...	Support.the.use.of.data..e.g..SAPP..CWIS..to.in...	49	0.5	1.5	11.5	12.5	#FFAD94	0
#FFA287	1	10	Align.implementation.goals.with.CSIP..Comprehen...	Align.implementation.goals.with.CSIP..Comprehen...	Develop.and.implement.protocol.for.conducting.w...	50	0.5	1.5	9.5	10.5	#FFA287	0
#FF9F83	1	10	Align.implementation.goals.with.CSIP..Comprehen...	Align.implementation.goals.with.CSIP..Comprehen...	Annually..summarize.district.wide.fidelity.and....	51	0.5	1.5	9.5	10.5	#FF9F83	0
#FFA083	1	9	Align.implementation.goals.with.CSIP..Comprehen...	Align.implementation.goals.with.CSIP..Comprehen...	Establish.district..and.building.level.goal.s.....	52	0.5	1.5	8.5	9.5	#FFA083	0
#FFA184	1	9	Align.implementation.goals.with.CSIP..Comprehen...	Align.implementation.goals.with.CSIP..Comprehen...	Revisit.and.revise.PD.plans.based.on.data.	53	0.5	1.5	8.5	9.5	#FFA184	0
#FF7D5C	1	2	Align.implementation.goals.with.CSIP..Comprehen...	Align.implementation.goals.with.CSIP..Comprehen...	Develop.timelines.and.expectations.aligning.imp...	54	0.5	1.5	1.5	2.5	#FF7D5C	0
#FF0000	1	1	Align.implementation.goals.with.CSIP..Comprehen...	Align.implementation.goals.with.CSIP..Comprehen...	Align.implementation.goals.with.CSIP..Comprehen...	55	0.5	1.5	0.5	1.5	#FF0000	0
#FF987A	1	10	Align.implementation.goals.with.CSIP..Comprehen...	Align.implementation.goals.with.CSIP..Comprehen...	Teacher.leader.growth.mindset.In.Place	56	0.5	1.5	9.5	10.5	#FF987A	0
#FF8362	1	11	Align.implementation.goals.with.CSIP..Comprehen...	Align.implementation.goals.with.CSIP..Comprehen...	Total.amount.in.place	57	0.5	1.5	10.5	11.5	#FF8362	0
#FFD3C4	1	13	Annually..summarize.district.wide.fidelity.and....	Annually..summarize.district.wide.fidelity.and....	Form.district.leadership.team..DLT....see.Bluep...	58	0.5	1.5	12.5	13.5	#FFD3C4	0
#FFF0EA	1	15	Annually..summarize.district.wide.fidelity.and....	Annually..summarize.district.wide.fidelity.and....	Designate.district.level.contact.person.	59	0.5	1.5	14.5	15.5	#FFF0EA	0
#FFD3C4	1	14	Annually..summarize.district.wide.fidelity.and....	Annually..summarize.district.wide.fidelity.and....	Designate.building.level.contact.person..for.ea...	60	0.5	1.5	13.5	14.5	#FFD3C4	0
#FFAF96	1	9	Annually..summarize.district.wide.fidelity.and....	Annually..summarize.district.wide.fidelity.and....	Develop.protocol.for.maintaining.ongoing.commun...	61	0.5	1.5	8.5	9.5	#FFAF96	0
#FFA589	1	8	Annually..summarize.district.wide.fidelity.and....	Annually..summarize.district.wide.fidelity.and....	Develop.a.district.wide.plan.for.consistent.and...	62	0.5	1.5	7.5	8.5	#FFA589	0
#FF8F70	1	4	Annually..summarize.district.wide.fidelity.and....	Annually..summarize.district.wide.fidelity.and....	Identify.a.process.for.monitoring.progress.of.t...	63	0.5	1.5	3.5	4.5	#FF8F70	0
#FF9D80	1	9	Annually..summarize.district.wide.fidelity.and....	Annually..summarize.district.wide.fidelity.and....	Administer.Self.Assessment.Practice.Profile.at....	64	0.5	1.5	8.5	9.5	#FF9D80	0
#FFC5B1	1	7	Annually..summarize.district.wide.fidelity.and....	Annually..summarize.district.wide.fidelity.and....	Administer.implementation.survey..e.g..Collabor...	65	0.5	1.5	6.5	7.5	#FFC5B1	0
#FF9577	1	5	Annually..summarize.district.wide.fidelity.and....	Annually..summarize.district.wide.fidelity.and....	Use.technology.to.increase.the.quality.and.time...	66	0.5	1.5	4.5	5.5	#FF9577	0
#FFBAA3	1	9	Annually..summarize.district.wide.fidelity.and....	Annually..summarize.district.wide.fidelity.and....	Participate.in.regional..cadre..and.state.event...	67	0.5	1.5	8.5	9.5	#FFBAA3	0
#FF9678	1	8	Annually..summarize.district.wide.fidelity.and....	Annually..summarize.district.wide.fidelity.and....	Support.the.use.of.data..e.g..SAPP..CWIS..to.in...	68	0.5	1.5	7.5	8.5	#FF9678	0
#FF8060	1	2	Annually..summarize.district.wide.fidelity.and....	Annually..summarize.district.wide.fidelity.and....	Develop.and.implement.protocol.for.conducting.w...	69	0.5	1.5	1.5	2.5	#FF8060	0
#FF0000	1	1	Annually..summarize.district.wide.fidelity.and....	Annually..summarize.district.wide.fidelity.and....	Annually..summarize.district.wide.fidelity.and....	70	0.5	1.5	0.5	1.5	#FF0000	0
#FF8868	1	2	Annually..summarize.district.wide.fidelity.and....	Annually..summarize.district.wide.fidelity.and....	Establish.district..and.building.level.goal.s.....	71	0.5	1.5	1.5	2.5	#FF8868	0
#FF9071	1	5	Annually..summarize.district.wide.fidelity.and....	Annually..summarize.district.wide.fidelity.and....	Revisit.and.revise.PD.plans.based.on.data.	72	0.5	1.5	4.5	5.5	#FF9071	0
#FF8969	1	3	Annually..summarize.district.wide.fidelity.and....	Annually..summarize.district.wide.fidelity.and....	Develop.timelines.and.expectations.aligning.imp...	73	0.5	1.5	2.5	3.5	#FF8969	0
#FF9F83	1	3	Annually..summarize.district.wide.fidelity.and....	Annually..summarize.district.wide.fidelity.and....	Align.implementation.goals.with.CSIP..Comprehen...	74	0.5	1.5	2.5	3.5	#FF9F83	0
#FF704F	1	4	Annually..summarize.district.wide.fidelity.and....	Annually..summarize.district.wide.fidelity.and....	Teacher.leader.growth.mindset.In.Place	75	0.5	1.5	3.5	4.5	#FF704F	0
#FF7755	1	7	Annually..summarize.district.wide.fidelity.and....	Annually..summarize.district.wide.fidelity.and....	Total.amount.in.place	76	0.5	1.5	6.5	7.5	#FF7755	0
#FFB59D	1	4	Designate.building.level.contact.person..for.ea...	Designate.building.level.contact.person..for.ea...	Form.district.leadership.team..DLT....see.Bluep...	77	0.5	1.5	3.5	4.5	#FFB59D	0
#FFB69F	1	3	Designate.building.level.contact.person..for.ea...	Designate.building.level.contact.person..for.ea...	Designate.district.level.contact.person.	78	0.5	1.5	2.5	3.5	#FFB69F	0
#FF0000	1	1	Designate.building.level.contact.person..for.ea...	Designate.building.level.contact.person..for.ea...	Designate.building.level.contact.person..for.ea...	79	0.5	1.5	0.5	1.5	#FF0000	0
#FFB8A0	1	15	Designate.building.level.contact.person..for.ea...	Designate.building.level.contact.person..for.ea...	Develop.protocol.for.maintaining.ongoing.commun...	80	0.5	1.5	14.5	15.5	#FFB8A0	0
#FFAE94	1	12	Designate.building.level.contact.person..for.ea...	Designate.building.level.contact.person..for.ea...	Develop.a.district.wide.plan.for.consistent.and...	81	0.5	1.5	11.5	12.5	#FFAE94	0
#FFC7B4	1	16	Designate.building.level.contact.person..for.ea...	Designate.building.level.contact.person..for.ea...	Identify.a.process.for.monitoring.progress.of.t...	82	0.5	1.5	15.5	16.5	#FFC7B4	0
#FFB9A3	1	15	Designate.building.level.contact.person..for.ea...	Designate.building.level.contact.person..for.ea...	Administer.Self.Assessment.Practice.Profile.at....	83	0.5	1.5	14.5	15.5	#FFB9A3	0
#FFD4C4	1	14	Designate.building.level.contact.person..for.ea...	Designate.building.level.contact.person..for.ea...	Administer.implementation.survey..e.g..Collabor...	84	0.5	1.5	13.5	14.5	#FFD4C4	0
#FFCFBF	1	15	Designate.building.level.contact.person..for.ea...	Designate.building.level.contact.person..for.ea...	Use.technology.to.increase.the.quality.and.time...	85	0.5	1.5	14.5	15.5	#FFCFBF	0
#FFD9CB	1	16	Designate.building.level.contact.person..for.ea...	Designate.building.level.contact.person..for.ea...	Participate.in.regional..cadre..and.state.event...	86	0.5	1.5	15.5	16.5	#FFD9CB	0
#FFB59D	1	14	Designate.building.level.contact.person..for.ea...	Designate.building.level.contact.person..for.ea...	Support.the.use.of.data..e.g..SAPP..CWIS..to.in...	87	0.5	1.5	13.5	14.5	#FFB59D	0
#FFD1C1	1	14	Designate.building.level.contact.person..for.ea...	Designate.building.level.contact.person..for.ea...	Develop.and.implement.protocol.for.conducting.w...	88	0.5	1.5	13.5	14.5	#FFD1C1	0
#FFD3C4	1	16	Designate.building.level.contact.person..for.ea...	Designate.building.level.contact.person..for.ea...	Annually..summarize.district.wide.fidelity.and....	89	0.5	1.5	15.5	16.5	#FFD3C4	0
#FFD1C1	1	15	Designate.building.level.contact.person..for.ea...	Designate.building.level.contact.person..for.ea...	Establish.district..and.building.level.goal.s.....	90	0.5	1.5	14.5	15.5	#FFD1C1	0
#FFD6C7	1	15	Designate.building.level.contact.person..for.ea...	Designate.building.level.contact.person..for.ea...	Revisit.and.revise.PD.plans.based.on.data.	91	0.5	1.5	14.5	15.5	#FFD6C7	0
#FFC8B6	1	15	Designate.building.level.contact.person..for.ea...	Designate.building.level.contact.person..for.ea...	Develop.timelines.and.expectations.aligning.imp...	92	0.5	1.5	14.5	15.5	#FFC8B6	0
#FFD1C1	1	16	Designate.building.level.contact.person..for.ea...	Designate.building.level.contact.person..for.ea...	Align.implementation.goals.with.CSIP..Comprehen...	93	0.5	1.5	15.5	16.5	#FFD1C1	0
#FFCCBA	1	16	Designate.building.level.contact.person..for.ea...	Designate.building.level.contact.person..for.ea...	Teacher.leader.growth.mindset.In.Place	94	0.5	1.5	15.5	16.5	#FFCCBA	0
#FFB29A	1	16	Designate.building.level.contact.person..for.ea...	Designate.building.level.contact.person..for.ea...	Total.amount.in.place	95	0.5	1.5	15.5	16.5	#FFB29A	0
#FFB39B	1	2	Designate.district.level.contact.person.	Designate.district.level.contact.person.	Form.district.leadership.team..DLT....see.Bluep...	96	0.5	1.5	1.5	2.5	#FFB39B	0
#FF0000	1	1	Designate.district.level.contact.person.	Designate.district.level.contact.person.	Designate.district.level.contact.person.	97	0.5	1.5	0.5	1.5	#FF0000	0
#FFB69F	1	5	Designate.district.level.contact.person.	Designate.district.level.contact.person.	Designate.building.level.contact.person..for.ea...	98	0.5	1.5	4.5	5.5	#FFB69F	0
#FFDACD	1	17	Designate.district.level.contact.person.	Designate.district.level.contact.person.	Develop.protocol.for.maintaining.ongoing.commun...	99	0.5	1.5	16.5	17.5	#FFDACD	0
#FFDED2	1	17	Designate.district.level.contact.person.	Designate.district.level.contact.person.	Develop.a.district.wide.plan.for.consistent.and...	100	0.5	1.5	16.5	17.5	#FFDED2	0
#FFEBE4	1	17	Designate.district.level.contact.person.	Designate.district.level.contact.person.	Identify.a.process.for.monitoring.progress.of.t...	101	0.5	1.5	16.5	17.5	#FFEBE4	0
#FFECE5	1	17	Designate.district.level.contact.person.	Designate.district.level.contact.person.	Administer.Self.Assessment.Practice.Profile.at....	102	0.5	1.5	16.5	17.5	#FFECE5	0
#FFE8DF	1	17	Designate.district.level.contact.person.	Designate.district.level.contact.person.	Administer.implementation.survey..e.g..Collabor...	103	0.5	1.5	16.5	17.5	#FFE8DF	0
#FFE9E1	1	17	Designate.district.level.contact.person.	Designate.district.level.contact.person.	Use.technology.to.increase.the.quality.and.time...	104	0.5	1.5	16.5	17.5	#FFE9E1	0
#FFE8E0	1	17	Designate.district.level.contact.person.	Designate.district.level.contact.person.	Participate.in.regional..cadre..and.state.event...	105	0.5	1.5	16.5	17.5	#FFE8E0	0
#FFE8DF	1	17	Designate.district.level.contact.person.	Designate.district.level.contact.person.	Support.the.use.of.data..e.g..SAPP..CWIS..to.in...	106	0.5	1.5	16.5	17.5	#FFE8DF	0
#FFEEE7	1	17	Designate.district.level.contact.person.	Designate.district.level.contact.person.	Develop.and.implement.protocol.for.conducting.w...	107	0.5	1.5	16.5	17.5	#FFEEE7	0
#FFF0EA	1	17	Designate.district.level.contact.person.	Designate.district.level.contact.person.	Annually..summarize.district.wide.fidelity.and....	108	0.5	1.5	16.5	17.5	#FFF0EA	0
#FFF2ED	1	17	Designate.district.level.contact.person.	Designate.district.level.contact.person.	Establish.district..and.building.level.goal.s.....	109	0.5	1.5	16.5	17.5	#FFF2ED	0
#FFE9E0	1	17	Designate.district.level.contact.person.	Designate.district.level.contact.person.	Revisit.and.revise.PD.plans.based.on.data.	110	0.5	1.5	16.5	17.5	#FFE9E0	0
#FFF1EC	1	17	Designate.district.level.contact.person.	Designate.district.level.contact.person.	Develop.timelines.and.expectations.aligning.imp...	111	0.5	1.5	16.5	17.5	#FFF1EC	0
#FFECE5	1	17	Designate.district.level.contact.person.	Designate.district.level.contact.person.	Align.implementation.goals.with.CSIP..Comprehen...	112	0.5	1.5	16.5	17.5	#FFECE5	0
#FFEDE6	1	17	Designate.district.level.contact.person.	Designate.district.level.contact.person.	Teacher.leader.growth.mindset.In.Place	113	0.5	1.5	16.5	17.5	#FFEDE6	0
#FFDDD2	1	17	Designate.district.level.contact.person.	Designate.district.level.contact.person.	Total.amount.in.place	114	0.5	1.5	16.5	17.5	#FFDDD2	0
#FFBDA7	1	7	Develop.a.district.wide.plan.for.consistent.and...	Develop.a.district.wide.plan.for.consistent.and...	Form.district.leadership.team..DLT....see.Bluep...	115	0.5	1.5	6.5	7.5	#FFBDA7	0
#FFDED2	1	5	Develop.a.district.wide.plan.for.consistent.and...	Develop.a.district.wide.plan.for.consistent.and...	Designate.district.level.contact.person.	116	0.5	1.5	4.5	5.5	#FFDED2	0
#FFAE94	1	2	Develop.a.district.wide.plan.for.consistent.and...	Develop.a.district.wide.plan.for.consistent.and...	Designate.building.level.contact.person..for.ea...	117	0.5	1.5	1.5	2.5	#FFAE94	0
#FF805F	1	2	Develop.a.district.wide.plan.for.consistent.and...	Develop.a.district.wide.plan.for.consistent.and...	Develop.protocol.for.maintaining.ongoing.commun...	118	0.5	1.5	1.5	2.5	#FF805F	0
#FF0000	1	1	Develop.a.district.wide.plan.for.consistent.and...	Develop.a.district.wide.plan.for.consistent.and...	Develop.a.district.wide.plan.for.consistent.and...	119	0.5	1.5	0.5	1.5	#FF0000	0
#FF8C6D	1	3	Develop.a.district.wide.plan.for.consistent.and...	Develop.a.district.wide.plan.for.consistent.and...	Identify.a.process.for.monitoring.progress.of.t...	120	0.5	1.5	2.5	3.5	#FF8C6D	0
#FFA58A	1	11	Develop.a.district.wide.plan.for.consistent.and...	Develop.a.district.wide.plan.for.consistent.and...	Administer.Self.Assessment.Practice.Profile.at....	121	0.5	1.5	10.5	11.5	#FFA58A	0
#FFC8B5	1	9	Develop.a.district.wide.plan.for.consistent.and...	Develop.a.district.wide.plan.for.consistent.and...	Administer.implementation.survey..e.g..Collabor...	122	0.5	1.5	8.5	9.5	#FFC8B5	0
#FFA084	1	9	Develop.a.district.wide.plan.for.consistent.and...	Develop.a.district.wide.plan.for.consistent.and...	Use.technology.to.increase.the.quality.and.time...	123	0.5	1.5	8.5	9.5	#FFA084	0
#FFB097	1	4	Develop.a.district.wide.plan.for.consistent.and...	Develop.a.district.wide.plan.for.consistent.and...	Participate.in.regional..cadre..and.state.event...	124	0.5	1.5	3.5	4.5	#FFB097	0
#FFA084	1	11	Develop.a.district.wide.plan.for.consistent.and...	Develop.a.district.wide.plan.for.consistent.and...	Support.the.use.of.data..e.g..SAPP..CWIS..to.in...	125	0.5	1.5	10.5	11.5	#FFA084	0
#FFA78C	1	11	Develop.a.district.wide.plan.for.consistent.and...	Develop.a.district.wide.plan.for.consistent.and...	Develop.and.implement.protocol.for.conducting.w...	126	0.5	1.5	10.5	11.5	#FFA78C	0
#FFA589	1	11	Develop.a.district.wide.plan.for.consistent.and...	Develop.a.district.wide.plan.for.consistent.and...	Annually..summarize.district.wide.fidelity.and....	127	0.5	1.5	10.5	11.5	#FFA589	0
#FFBBA5	1	13	Develop.a.district.wide.plan.for.consistent.and...	Develop.a.district.wide.plan.for.consistent.and...	Establish.district..and.building.level.goal.s.....	128	0.5	1.5	12.5	13.5	#FFBBA5	0
#FFA488	1	11	Develop.a.district.wide.plan.for.consistent.and...	Develop.a.district.wide.plan.for.consistent.and...	Revisit.and.revise.PD.plans.based.on.data.	129	0.5	1.5	10.5	11.5	#FFA488	0
#FF9577	1	9	Develop.a.district.wide.plan.for.consistent.and...	Develop.a.district.wide.plan.for.consistent.and...	Develop.timelines.and.expectations.aligning.imp...	130	0.5	1.5	8.5	9.5	#FF9577	0
#FFA78C	1	7	Develop.a.district.wide.plan.for.consistent.and...	Develop.a.district.wide.plan.for.consistent.and...	Align.implementation.goals.with.CSIP..Comprehen...	131	0.5	1.5	6.5	7.5	#FFA78C	0
#FF9D80	1	12	Develop.a.district.wide.plan.for.consistent.and...	Develop.a.district.wide.plan.for.consistent.and...	Teacher.leader.growth.mindset.In.Place	132	0.5	1.5	11.5	12.5	#FF9D80	0
#FF7D5C	1	10	Develop.a.district.wide.plan.for.consistent.and...	Develop.a.district.wide.plan.for.consistent.and...	Total.amount.in.place	133	0.5	1.5	9.5	10.5	#FF7D5C	0
#FFDACC	1	16	Develop.and.implement.protocol.for.conducting.w...	Develop.and.implement.protocol.for.conducting.w...	Form.district.leadership.team..DLT....see.Bluep...	134	0.5	1.5	15.5	16.5	#FFDACC	0
#FFEEE7	1	14	Develop.and.implement.protocol.for.conducting.w...	Develop.and.implement.protocol.for.conducting.w...	Designate.district.level.contact.person.	135	0.5	1.5	13.5	14.5	#FFEEE7	0
#FFD1C1	1	12	Develop.and.implement.protocol.for.conducting.w...	Develop.and.implement.protocol.for.conducting.w...	Designate.building.level.contact.person..for.ea...	136	0.5	1.5	11.5	12.5	#FFD1C1	0
#FFAF96	1	10	Develop.and.implement.protocol.for.conducting.w...	Develop.and.implement.protocol.for.conducting.w...	Develop.protocol.for.maintaining.ongoing.commun...	137	0.5	1.5	9.5	10.5	#FFAF96	0
#FFA78C	1	11	Develop.and.implement.protocol.for.conducting.w...	Develop.and.implement.protocol.for.conducting.w...	Develop.a.district.wide.plan.for.consistent.and...	138	0.5	1.5	10.5	11.5	#FFA78C	0
#FF9476	1	10	Develop.and.implement.protocol.for.conducting.w...	Develop.and.implement.protocol.for.conducting.w...	Identify.a.process.for.monitoring.progress.of.t...	139	0.5	1.5	9.5	10.5	#FF9476	0
#FF997C	1	7	Develop.and.implement.protocol.for.conducting.w...	Develop.and.implement.protocol.for.conducting.w...	Administer.Self.Assessment.Practice.Profile.at....	140	0.5	1.5	6.5	7.5	#FF997C	0
#FFD3C3	1	13	Develop.and.implement.protocol.for.conducting.w...	Develop.and.implement.protocol.for.conducting.w...	Administer.implementation.survey..e.g..Collabor...	141	0.5	1.5	12.5	13.5	#FFD3C3	0
#FF9374	1	4	Develop.and.implement.protocol.for.conducting.w...	Develop.and.implement.protocol.for.conducting.w...	Use.technology.to.increase.the.quality.and.time...	142	0.5	1.5	3.5	4.5	#FF9374	0
#FFC6B3	1	12	Develop.and.implement.protocol.for.conducting.w...	Develop.and.implement.protocol.for.conducting.w...	Participate.in.regional..cadre..and.state.event...	143	0.5	1.5	11.5	12.5	#FFC6B3	0
#FF987B	1	9	Develop.and.implement.protocol.for.conducting.w...	Develop.and.implement.protocol.for.conducting.w...	Support.the.use.of.data..e.g..SAPP..CWIS..to.in...	144	0.5	1.5	8.5	9.5	#FF987B	0
#FF0000	1	1	Develop.and.implement.protocol.for.conducting.w...	Develop.and.implement.protocol.for.conducting.w...	Develop.and.implement.protocol.for.conducting.w...	145	0.5	1.5	0.5	1.5	#FF0000	0
#FF8060	1	2	Develop.and.implement.protocol.for.conducting.w...	Develop.and.implement.protocol.for.conducting.w...	Annually..summarize.district.wide.fidelity.and....	146	0.5	1.5	1.5	2.5	#FF8060	0
#FF8E6F	1	5	Develop.and.implement.protocol.for.conducting.w...	Develop.and.implement.protocol.for.conducting.w...	Establish.district..and.building.level.goal.s.....	147	0.5	1.5	4.5	5.5	#FF8E6F	0
#FFA286	1	10	Develop.and.implement.protocol.for.conducting.w...	Develop.and.implement.protocol.for.conducting.w...	Revisit.and.revise.PD.plans.based.on.data.	148	0.5	1.5	9.5	10.5	#FFA286	0
#FF8E6F	1	6	Develop.and.implement.protocol.for.conducting.w...	Develop.and.implement.protocol.for.conducting.w...	Develop.timelines.and.expectations.aligning.imp...	149	0.5	1.5	5.5	6.5	#FF8E6F	0
#FFA287	1	6	Develop.and.implement.protocol.for.conducting.w...	Develop.and.implement.protocol.for.conducting.w...	Align.implementation.goals.with.CSIP..Comprehen...	150	0.5	1.5	5.5	6.5	#FFA287	0
#FF7756	1	6	Develop.and.implement.protocol.for.conducting.w...	Develop.and.implement.protocol.for.conducting.w...	Teacher.leader.growth.mindset.In.Place	151	0.5	1.5	5.5	6.5	#FF7756	0
#FF7D5C	1	9	Develop.and.implement.protocol.for.conducting.w...	Develop.and.implement.protocol.for.conducting.w...	Total.amount.in.place	152	0.5	1.5	8.5	9.5	#FF7D5C	0
#FFB49C	1	3	Develop.protocol.for.maintaining.ongoing.commun...	Develop.protocol.for.maintaining.ongoing.commun...	Form.district.leadership.team..DLT....see.Bluep...	153	0.5	1.5	2.5	3.5	#FFB49C	0
#FFDACD	1	4	Develop.protocol.for.maintaining.ongoing.commun...	Develop.protocol.for.maintaining.ongoing.commun...	Designate.district.level.contact.person.	154	0.5	1.5	3.5	4.5	#FFDACD	0
#FFB8A0	1	6	Develop.protocol.for.maintaining.ongoing.commun...	Develop.protocol.for.maintaining.ongoing.commun...	Designate.building.level.contact.person..for.ea...	155	0.5	1.5	5.5	6.5	#FFB8A0	0
#FF0000	1	1	Develop.protocol.for.maintaining.ongoing.commun...	Develop.protocol.for.maintaining.ongoing.commun...	Develop.protocol.for.maintaining.ongoing.commun...	156	0.5	1.5	0.5	1.5	#FF0000	0
#FF805F	1	2	Develop.protocol.for.maintaining.ongoing.commun...	Develop.protocol.for.maintaining.ongoing.commun...	Develop.a.district.wide.plan.for.consistent.and...	157	0.5	1.5	1.5	2.5	#FF805F	0
#FF9475	1	9	Develop.protocol.for.maintaining.ongoing.commun...	Develop.protocol.for.maintaining.ongoing.commun...	Identify.a.process.for.monitoring.progress.of.t...	158	0.5	1.5	8.5	9.5	#FF9475	0
#FF9476	1	5	Develop.protocol.for.maintaining.ongoing.commun...	Develop.protocol.for.maintaining.ongoing.commun...	Administer.Self.Assessment.Practice.Profile.at....	159	0.5	1.5	4.5	5.5	#FF9476	0
#FFC5B2	1	8	Develop.protocol.for.maintaining.ongoing.commun...	Develop.protocol.for.maintaining.ongoing.commun...	Administer.implementation.survey..e.g..Collabor...	160	0.5	1.5	7.5	8.5	#FFC5B2	0
#FF8A6B	1	2	Develop.protocol.for.maintaining.ongoing.commun...	Develop.protocol.for.maintaining.ongoing.commun...	Use.technology.to.increase.the.quality.and.time...	161	0.5	1.5	1.5	2.5	#FF8A6B	0
#FFB29A	1	5	Develop.protocol.for.maintaining.ongoing.commun...	Develop.protocol.for.maintaining.ongoing.commun...	Participate.in.regional..cadre..and.state.event...	162	0.5	1.5	4.5	5.5	#FFB29A	0
#FF9577	1	7	Develop.protocol.for.maintaining.ongoing.commun...	Develop.protocol.for.maintaining.ongoing.commun...	Support.the.use.of.data..e.g..SAPP..CWIS..to.in...	163	0.5	1.5	6.5	7.5	#FF9577	0
#FFAF96	1	12	Develop.protocol.for.maintaining.ongoing.commun...	Develop.protocol.for.maintaining.ongoing.commun...	Develop.and.implement.protocol.for.conducting.w...	164	0.5	1.5	11.5	12.5	#FFAF96	0
#FFAF96	1	12	Develop.protocol.for.maintaining.ongoing.commun...	Develop.protocol.for.maintaining.ongoing.commun...	Annually..summarize.district.wide.fidelity.and....	165	0.5	1.5	11.5	12.5	#FFAF96	0
#FFB49D	1	11	Develop.protocol.for.maintaining.ongoing.commun...	Develop.protocol.for.maintaining.ongoing.commun...	Establish.district..and.building.level.goal.s.....	166	0.5	1.5	10.5	11.5	#FFB49D	0
#FFA98E	1	12	Develop.protocol.for.maintaining.ongoing.commun...	Develop.protocol.for.maintaining.ongoing.commun...	Revisit.and.revise.PD.plans.based.on.data.	167	0.5	1.5	11.5	12.5	#FFA98E	0
#FFA388	1	12	Develop.protocol.for.maintaining.ongoing.commun...	Develop.protocol.for.maintaining.ongoing.commun...	Develop.timelines.and.expectations.aligning.imp...	168	0.5	1.5	11.5	12.5	#FFA388	0
#FFB39B	1	12	Develop.protocol.for.maintaining.ongoing.commun...	Develop.protocol.for.maintaining.ongoing.commun...	Align.implementation.goals.with.CSIP..Comprehen...	169	0.5	1.5	11.5	12.5	#FFB39B	0
#FF997B	1	11	Develop.protocol.for.maintaining.ongoing.commun...	Develop.protocol.for.maintaining.ongoing.commun...	Teacher.leader.growth.mindset.In.Place	170	0.5	1.5	10.5	11.5	#FF997B	0
#FF7A59	1	8	Develop.protocol.for.maintaining.ongoing.commun...	Develop.protocol.for.maintaining.ongoing.commun...	Total.amount.in.place	171	0.5	1.5	7.5	8.5	#FF7A59	0
#FFC7B5	1	9	Develop.timelines.and.expectations.aligning.imp...	Develop.timelines.and.expectations.aligning.imp...	Form.district.leadership.team..DLT....see.Bluep...	172	0.5	1.5	8.5	9.5	#FFC7B5	0
#FFF1EC	1	16	Develop.timelines.and.expectations.aligning.imp...	Develop.timelines.and.expectations.aligning.imp...	Designate.district.level.contact.person.	173	0.5	1.5	15.5	16.5	#FFF1EC	0
#FFC8B6	1	9	Develop.timelines.and.expectations.aligning.imp...	Develop.timelines.and.expectations.aligning.imp...	Designate.building.level.contact.person..for.ea...	174	0.5	1.5	8.5	9.5	#FFC8B6	0
#FFA388	1	7	Develop.timelines.and.expectations.aligning.imp...	Develop.timelines.and.expectations.aligning.imp...	Develop.protocol.for.maintaining.ongoing.commun...	175	0.5	1.5	6.5	7.5	#FFA388	0
#FF9577	1	4	Develop.timelines.and.expectations.aligning.imp...	Develop.timelines.and.expectations.aligning.imp...	Develop.a.district.wide.plan.for.consistent.and...	176	0.5	1.5	3.5	4.5	#FF9577	0
#FF8B6C	1	2	Develop.timelines.and.expectations.aligning.imp...	Develop.timelines.and.expectations.aligning.imp...	Identify.a.process.for.monitoring.progress.of.t...	177	0.5	1.5	1.5	2.5	#FF8B6C	0
#FF997B	1	6	Develop.timelines.and.expectations.aligning.imp...	Develop.timelines.and.expectations.aligning.imp...	Administer.Self.Assessment.Practice.Profile.at....	178	0.5	1.5	5.5	6.5	#FF997B	0
#FFCBBA	1	11	Develop.timelines.and.expectations.aligning.imp...	Develop.timelines.and.expectations.aligning.imp...	Administer.implementation.survey..e.g..Collabor...	179	0.5	1.5	10.5	11.5	#FFCBBA	0
#FF9D80	1	7	Develop.timelines.and.expectations.aligning.imp...	Develop.timelines.and.expectations.aligning.imp...	Use.technology.to.increase.the.quality.and.time...	180	0.5	1.5	6.5	7.5	#FF9D80	0
#FFB097	1	3	Develop.timelines.and.expectations.aligning.imp...	Develop.timelines.and.expectations.aligning.imp...	Participate.in.regional..cadre..and.state.event...	181	0.5	1.5	2.5	3.5	#FFB097	0
#FF9172	1	4	Develop.timelines.and.expectations.aligning.imp...	Develop.timelines.and.expectations.aligning.imp...	Support.the.use.of.data..e.g..SAPP..CWIS..to.in...	182	0.5	1.5	3.5	4.5	#FF9172	0
#FF8E6F	1	4	Develop.timelines.and.expectations.aligning.imp...	Develop.timelines.and.expectations.aligning.imp...	Develop.and.implement.protocol.for.conducting.w...	183	0.5	1.5	3.5	4.5	#FF8E6F	0
#FF8969	1	4	Develop.timelines.and.expectations.aligning.imp...	Develop.timelines.and.expectations.aligning.imp...	Annually..summarize.district.wide.fidelity.and....	184	0.5	1.5	3.5	4.5	#FF8969	0
#FF8C6D	1	3	Develop.timelines.and.expectations.aligning.imp...	Develop.timelines.and.expectations.aligning.imp...	Establish.district..and.building.level.goal.s.....	185	0.5	1.5	2.5	3.5	#FF8C6D	0
#FF8E6F	1	4	Develop.timelines.and.expectations.aligning.imp...	Develop.timelines.and.expectations.aligning.imp...	Revisit.and.revise.PD.plans.based.on.data.	186	0.5	1.5	3.5	4.5	#FF8E6F	0
#FF0000	1	1	Develop.timelines.and.expectations.aligning.imp...	Develop.timelines.and.expectations.aligning.imp...	Develop.timelines.and.expectations.aligning.imp...	187	0.5	1.5	0.5	1.5	#FF0000	0
#FF7D5C	1	2	Develop.timelines.and.expectations.aligning.imp...	Develop.timelines.and.expectations.aligning.imp...	Align.implementation.goals.with.CSIP..Comprehen...	188	0.5	1.5	1.5	2.5	#FF7D5C	0
#FF8160	1	9	Develop.timelines.and.expectations.aligning.imp...	Develop.timelines.and.expectations.aligning.imp...	Teacher.leader.growth.mindset.In.Place	189	0.5	1.5	8.5	9.5	#FF8160	0
#FF6E4C	1	1	Develop.timelines.and.expectations.aligning.imp...	Develop.timelines.and.expectations.aligning.imp...	Total.amount.in.place	190	0.5	1.5	0.5	1.5	#FF6E4C	0
#FFDED2	1	17	Establish.district..and.building.level.goal.s.....	Establish.district..and.building.level.goal.s.....	Form.district.leadership.team..DLT....see.Bluep...	191	0.5	1.5	16.5	17.5	#FFDED2	0
#FFF2ED	1	17	Establish.district..and.building.level.goal.s.....	Establish.district..and.building.level.goal.s.....	Designate.district.level.contact.person.	192	0.5	1.5	16.5	17.5	#FFF2ED	0
#FFD1C1	1	11	Establish.district..and.building.level.goal.s.....	Establish.district..and.building.level.goal.s.....	Designate.building.level.contact.person..for.ea...	193	0.5	1.5	10.5	11.5	#FFD1C1	0
#FFB49D	1	14	Establish.district..and.building.level.goal.s.....	Establish.district..and.building.level.goal.s.....	Develop.protocol.for.maintaining.ongoing.commun...	194	0.5	1.5	13.5	14.5	#FFB49D	0
#FFBBA5	1	14	Establish.district..and.building.level.goal.s.....	Establish.district..and.building.level.goal.s.....	Develop.a.district.wide.plan.for.consistent.and...	195	0.5	1.5	13.5	14.5	#FFBBA5	0
#FF9071	1	5	Establish.district..and.building.level.goal.s.....	Establish.district..and.building.level.goal.s.....	Identify.a.process.for.monitoring.progress.of.t...	196	0.5	1.5	4.5	5.5	#FF9071	0
#FF9273	1	4	Establish.district..and.building.level.goal.s.....	Establish.district..and.building.level.goal.s.....	Administer.Self.Assessment.Practice.Profile.at....	197	0.5	1.5	3.5	4.5	#FF9273	0
#FFC3AE	1	5	Establish.district..and.building.level.goal.s.....	Establish.district..and.building.level.goal.s.....	Administer.implementation.survey..e.g..Collabor...	198	0.5	1.5	4.5	5.5	#FFC3AE	0
#FFAC92	1	11	Establish.district..and.building.level.goal.s.....	Establish.district..and.building.level.goal.s.....	Use.technology.to.increase.the.quality.and.time...	199	0.5	1.5	10.5	11.5	#FFAC92	0
#FFB8A2	1	7	Establish.district..and.building.level.goal.s.....	Establish.district..and.building.level.goal.s.....	Participate.in.regional..cadre..and.state.event...	200	0.5	1.5	6.5	7.5	#FFB8A2	0
#FF9476	1	6	Establish.district..and.building.level.goal.s.....	Establish.district..and.building.level.goal.s.....	Support.the.use.of.data..e.g..SAPP..CWIS..to.in...	201	0.5	1.5	5.5	6.5	#FF9476	0
#FF8E6F	1	3	Establish.district..and.building.level.goal.s.....	Establish.district..and.building.level.goal.s.....	Develop.and.implement.protocol.for.conducting.w...	202	0.5	1.5	2.5	3.5	#FF8E6F	0
#FF8868	1	3	Establish.district..and.building.level.goal.s.....	Establish.district..and.building.level.goal.s.....	Annually..summarize.district.wide.fidelity.and....	203	0.5	1.5	2.5	3.5	#FF8868	0
#FF0000	1	1	Establish.district..and.building.level.goal.s.....	Establish.district..and.building.level.goal.s.....	Establish.district..and.building.level.goal.s.....	204	0.5	1.5	0.5	1.5	#FF0000	0
#FF8E6F	1	3	Establish.district..and.building.level.goal.s.....	Establish.district..and.building.level.goal.s.....	Revisit.and.revise.PD.plans.based.on.data.	205	0.5	1.5	2.5	3.5	#FF8E6F	0
#FF8C6D	1	5	Establish.district..and.building.level.goal.s.....	Establish.district..and.building.level.goal.s.....	Develop.timelines.and.expectations.aligning.imp...	206	0.5	1.5	4.5	5.5	#FF8C6D	0
#FFA083	1	4	Establish.district..and.building.level.goal.s.....	Establish.district..and.building.level.goal.s.....	Align.implementation.goals.with.CSIP..Comprehen...	207	0.5	1.5	3.5	4.5	#FFA083	0
#FF7B5A	1	7	Establish.district..and.building.level.goal.s.....	Establish.district..and.building.level.goal.s.....	Teacher.leader.growth.mindset.In.Place	208	0.5	1.5	6.5	7.5	#FF7B5A	0
#FF8464	1	12	Establish.district..and.building.level.goal.s.....	Establish.district..and.building.level.goal.s.....	Total.amount.in.place	209	0.5	1.5	11.5	12.5	#FF8464	0
#FF0000	1	1	Form.district.leadership.team..DLT....see.Bluep...	Form.district.leadership.team..DLT....see.Bluep...	Form.district.leadership.team..DLT....see.Bluep...	210	0.5	1.5	0.5	1.5	#FF0000	0
#FFB39B	1	2	Form.district.leadership.team..DLT....see.Bluep...	Form.district.leadership.team..DLT....see.Bluep...	Designate.district.level.contact.person.	211	0.5	1.5	1.5	2.5	#FFB39B	0
#FFB59D	1	3	Form.district.leadership.team..DLT....see.Bluep...	Form.district.leadership.team..DLT....see.Bluep...	Designate.building.level.contact.person..for.ea...	212	0.5	1.5	2.5	3.5	#FFB59D	0
#FFB49C	1	13	Form.district.leadership.team..DLT....see.Bluep...	Form.district.leadership.team..DLT....see.Bluep...	Develop.protocol.for.maintaining.ongoing.commun...	213	0.5	1.5	12.5	13.5	#FFB49C	0
#FFBDA7	1	15	Form.district.leadership.team..DLT....see.Bluep...	Form.district.leadership.team..DLT....see.Bluep...	Develop.a.district.wide.plan.for.consistent.and...	214	0.5	1.5	14.5	15.5	#FFBDA7	0
#FFC3B0	1	15	Form.district.leadership.team..DLT....see.Bluep...	Form.district.leadership.team..DLT....see.Bluep...	Identify.a.process.for.monitoring.progress.of.t...	215	0.5	1.5	14.5	15.5	#FFC3B0	0
#FFBCA7	1	16	Form.district.leadership.team..DLT....see.Bluep...	Form.district.leadership.team..DLT....see.Bluep...	Administer.Self.Assessment.Practice.Profile.at....	216	0.5	1.5	15.5	16.5	#FFBCA7	0
#FFD8CA	1	16	Form.district.leadership.team..DLT....see.Bluep...	Form.district.leadership.team..DLT....see.Bluep...	Administer.implementation.survey..e.g..Collabor...	217	0.5	1.5	15.5	16.5	#FFD8CA	0
#FFD5C6	1	16	Form.district.leadership.team..DLT....see.Bluep...	Form.district.leadership.team..DLT....see.Bluep...	Use.technology.to.increase.the.quality.and.time...	218	0.5	1.5	15.5	16.5	#FFD5C6	0
#FFCCBA	1	13	Form.district.leadership.team..DLT....see.Bluep...	Form.district.leadership.team..DLT....see.Bluep...	Participate.in.regional..cadre..and.state.event...	219	0.5	1.5	12.5	13.5	#FFCCBA	0
#FFBCA7	1	16	Form.district.leadership.team..DLT....see.Bluep...	Form.district.leadership.team..DLT....see.Bluep...	Support.the.use.of.data..e.g..SAPP..CWIS..to.in...	220	0.5	1.5	15.5	16.5	#FFBCA7	0
#FFDACC	1	16	Form.district.leadership.team..DLT....see.Bluep...	Form.district.leadership.team..DLT....see.Bluep...	Develop.and.implement.protocol.for.conducting.w...	221	0.5	1.5	15.5	16.5	#FFDACC	0
#FFD3C4	1	15	Form.district.leadership.team..DLT....see.Bluep...	Form.district.leadership.team..DLT....see.Bluep...	Annually..summarize.district.wide.fidelity.and....	222	0.5	1.5	14.5	15.5	#FFD3C4	0
#FFDED2	1	16	Form.district.leadership.team..DLT....see.Bluep...	Form.district.leadership.team..DLT....see.Bluep...	Establish.district..and.building.level.goal.s.....	223	0.5	1.5	15.5	16.5	#FFDED2	0
#FFD1C2	1	14	Form.district.leadership.team..DLT....see.Bluep...	Form.district.leadership.team..DLT....see.Bluep...	Revisit.and.revise.PD.plans.based.on.data.	224	0.5	1.5	13.5	14.5	#FFD1C2	0
#FFC7B5	1	14	Form.district.leadership.team..DLT....see.Bluep...	Form.district.leadership.team..DLT....see.Bluep...	Develop.timelines.and.expectations.aligning.imp...	225	0.5	1.5	13.5	14.5	#FFC7B5	0
#FFCDBC	1	14	Form.district.leadership.team..DLT....see.Bluep...	Form.district.leadership.team..DLT....see.Bluep...	Align.implementation.goals.with.CSIP..Comprehen...	226	0.5	1.5	13.5	14.5	#FFCDBC	0
#FFCAB7	1	15	Form.district.leadership.team..DLT....see.Bluep...	Form.district.leadership.team..DLT....see.Bluep...	Teacher.leader.growth.mindset.In.Place	227	0.5	1.5	14.5	15.5	#FFCAB7	0
#FFAB92	1	15	Form.district.leadership.team..DLT....see.Bluep...	Form.district.leadership.team..DLT....see.Bluep...	Total.amount.in.place	228	0.5	1.5	14.5	15.5	#FFAB92	0
#FFC3B0	1	8	Identify.a.process.for.monitoring.progress.of.t...	Identify.a.process.for.monitoring.progress.of.t...	Form.district.leadership.team..DLT....see.Bluep...	229	0.5	1.5	7.5	8.5	#FFC3B0	0
#FFEBE4	1	11	Identify.a.process.for.monitoring.progress.of.t...	Identify.a.process.for.monitoring.progress.of.t...	Designate.district.level.contact.person.	230	0.5	1.5	10.5	11.5	#FFEBE4	0
#FFC7B4	1	8	Identify.a.process.for.monitoring.progress.of.t...	Identify.a.process.for.monitoring.progress.of.t...	Designate.building.level.contact.person..for.ea...	231	0.5	1.5	7.5	8.5	#FFC7B4	0
#FF9475	1	4	Identify.a.process.for.monitoring.progress.of.t...	Identify.a.process.for.monitoring.progress.of.t...	Develop.protocol.for.maintaining.ongoing.commun...	232	0.5	1.5	3.5	4.5	#FF9475	0
#FF8C6D	1	3	Identify.a.process.for.monitoring.progress.of.t...	Identify.a.process.for.monitoring.progress.of.t...	Develop.a.district.wide.plan.for.consistent.and...	233	0.5	1.5	2.5	3.5	#FF8C6D	0
#FF0000	1	1	Identify.a.process.for.monitoring.progress.of.t...	Identify.a.process.for.monitoring.progress.of.t...	Identify.a.process.for.monitoring.progress.of.t...	234	0.5	1.5	0.5	1.5	#FF0000	0
#FF9172	1	3	Identify.a.process.for.monitoring.progress.of.t...	Identify.a.process.for.monitoring.progress.of.t...	Administer.Self.Assessment.Practice.Profile.at....	235	0.5	1.5	2.5	3.5	#FF9172	0
#FFC3AF	1	6	Identify.a.process.for.monitoring.progress.of.t...	Identify.a.process.for.monitoring.progress.of.t...	Administer.implementation.survey..e.g..Collabor...	236	0.5	1.5	5.5	6.5	#FFC3AF	0
#FF997C	1	6	Identify.a.process.for.monitoring.progress.of.t...	Identify.a.process.for.monitoring.progress.of.t...	Use.technology.to.increase.the.quality.and.time...	237	0.5	1.5	5.5	6.5	#FF997C	0
#FFBDA8	1	10	Identify.a.process.for.monitoring.progress.of.t...	Identify.a.process.for.monitoring.progress.of.t...	Participate.in.regional..cadre..and.state.event...	238	0.5	1.5	9.5	10.5	#FFBDA8	0
#FF9374	1	5	Identify.a.process.for.monitoring.progress.of.t...	Identify.a.process.for.monitoring.progress.of.t...	Support.the.use.of.data..e.g..SAPP..CWIS..to.in...	239	0.5	1.5	4.5	5.5	#FF9374	0
#FF9476	1	6	Identify.a.process.for.monitoring.progress.of.t...	Identify.a.process.for.monitoring.progress.of.t...	Develop.and.implement.protocol.for.conducting.w...	240	0.5	1.5	5.5	6.5	#FF9476	0
#FF8F70	1	5	Identify.a.process.for.monitoring.progress.of.t...	Identify.a.process.for.monitoring.progress.of.t...	Annually..summarize.district.wide.fidelity.and....	241	0.5	1.5	4.5	5.5	#FF8F70	0
#FF9071	1	6	Identify.a.process.for.monitoring.progress.of.t...	Identify.a.process.for.monitoring.progress.of.t...	Establish.district..and.building.level.goal.s.....	242	0.5	1.5	5.5	6.5	#FF9071	0
#FF9274	1	6	Identify.a.process.for.monitoring.progress.of.t...	Identify.a.process.for.monitoring.progress.of.t...	Revisit.and.revise.PD.plans.based.on.data.	243	0.5	1.5	5.5	6.5	#FF9274	0
#FF8B6C	1	4	Identify.a.process.for.monitoring.progress.of.t...	Identify.a.process.for.monitoring.progress.of.t...	Develop.timelines.and.expectations.aligning.imp...	244	0.5	1.5	3.5	4.5	#FF8B6C	0
#FFAA90	1	8	Identify.a.process.for.monitoring.progress.of.t...	Identify.a.process.for.monitoring.progress.of.t...	Align.implementation.goals.with.CSIP..Comprehen...	245	0.5	1.5	7.5	8.5	#FFAA90	0
#FF7B5A	1	8	Identify.a.process.for.monitoring.progress.of.t...	Identify.a.process.for.monitoring.progress.of.t...	Teacher.leader.growth.mindset.In.Place	246	0.5	1.5	7.5	8.5	#FF7B5A	0
#FF7452	1	6	Identify.a.process.for.monitoring.progress.of.t...	Identify.a.process.for.monitoring.progress.of.t...	Total.amount.in.place	247	0.5	1.5	5.5	6.5	#FF7452	0
#FFCCBA	1	10	Participate.in.regional..cadre..and.state.event...	Participate.in.regional..cadre..and.state.event...	Form.district.leadership.team..DLT....see.Bluep...	248	0.5	1.5	9.5	10.5	#FFCCBA	0
#FFE8E0	1	8	Participate.in.regional..cadre..and.state.event...	Participate.in.regional..cadre..and.state.event...	Designate.district.level.contact.person.	249	0.5	1.5	7.5	8.5	#FFE8E0	0
#FFD9CB	1	17	Participate.in.regional..cadre..and.state.event...	Participate.in.regional..cadre..and.state.event...	Designate.building.level.contact.person..for.ea...	250	0.5	1.5	16.5	17.5	#FFD9CB	0
#FFB29A	1	11	Participate.in.regional..cadre..and.state.event...	Participate.in.regional..cadre..and.state.event...	Develop.protocol.for.maintaining.ongoing.commun...	251	0.5	1.5	10.5	11.5	#FFB29A	0
#FFB097	1	13	Participate.in.regional..cadre..and.state.event...	Participate.in.regional..cadre..and.state.event...	Develop.a.district.wide.plan.for.consistent.and...	252	0.5	1.5	12.5	13.5	#FFB097	0
#FFBDA8	1	13	Participate.in.regional..cadre..and.state.event...	Participate.in.regional..cadre..and.state.event...	Identify.a.process.for.monitoring.progress.of.t...	253	0.5	1.5	12.5	13.5	#FFBDA8	0
#FFA68B	1	12	Participate.in.regional..cadre..and.state.event...	Participate.in.regional..cadre..and.state.event...	Administer.Self.Assessment.Practice.Profile.at....	254	0.5	1.5	11.5	12.5	#FFA68B	0
#FFD7C9	1	15	Participate.in.regional..cadre..and.state.event...	Participate.in.regional..cadre..and.state.event...	Administer.implementation.survey..e.g..Collabor...	255	0.5	1.5	14.5	15.5	#FFD7C9	0
#FFC2AE	1	13	Participate.in.regional..cadre..and.state.event...	Participate.in.regional..cadre..and.state.event...	Use.technology.to.increase.the.quality.and.time...	256	0.5	1.5	12.5	13.5	#FFC2AE	0
#FF0000	1	1	Participate.in.regional..cadre..and.state.event...	Participate.in.regional..cadre..and.state.event...	Participate.in.regional..cadre..and.state.event...	257	0.5	1.5	0.5	1.5	#FF0000	0
#FFB69F	1	15	Participate.in.regional..cadre..and.state.event...	Participate.in.regional..cadre..and.state.event...	Support.the.use.of.data..e.g..SAPP..CWIS..to.in...	258	0.5	1.5	14.5	15.5	#FFB69F	0
#FFC6B3	1	13	Participate.in.regional..cadre..and.state.event...	Participate.in.regional..cadre..and.state.event...	Develop.and.implement.protocol.for.conducting.w...	259	0.5	1.5	12.5	13.5	#FFC6B3	0
#FFBAA3	1	13	Participate.in.regional..cadre..and.state.event...	Participate.in.regional..cadre..and.state.event...	Annually..summarize.district.wide.fidelity.and....	260	0.5	1.5	12.5	13.5	#FFBAA3	0
#FFB8A2	1	12	Participate.in.regional..cadre..and.state.event...	Participate.in.regional..cadre..and.state.event...	Establish.district..and.building.level.goal.s.....	261	0.5	1.5	11.5	12.5	#FFB8A2	0
#FFD6C8	1	16	Participate.in.regional..cadre..and.state.event...	Participate.in.regional..cadre..and.state.event...	Revisit.and.revise.PD.plans.based.on.data.	262	0.5	1.5	15.5	16.5	#FFD6C8	0
#FFB097	1	13	Participate.in.regional..cadre..and.state.event...	Participate.in.regional..cadre..and.state.event...	Develop.timelines.and.expectations.aligning.imp...	263	0.5	1.5	12.5	13.5	#FFB097	0
#FFB9A2	1	13	Participate.in.regional..cadre..and.state.event...	Participate.in.regional..cadre..and.state.event...	Align.implementation.goals.with.CSIP..Comprehen...	264	0.5	1.5	12.5	13.5	#FFB9A2	0
#FFAB91	1	14	Participate.in.regional..cadre..and.state.event...	Participate.in.regional..cadre..and.state.event...	Teacher.leader.growth.mindset.In.Place	265	0.5	1.5	13.5	14.5	#FFAB91	0
#FFA78D	1	14	Participate.in.regional..cadre..and.state.event...	Participate.in.regional..cadre..and.state.event...	Total.amount.in.place	266	0.5	1.5	13.5	14.5	#FFA78D	0
#FFD1C2	1	12	Revisit.and.revise.PD.plans.based.on.data.	Revisit.and.revise.PD.plans.based.on.data.	Form.district.leadership.team..DLT....see.Bluep...	267	0.5	1.5	11.5	12.5	#FFD1C2	0
#FFE9E0	1	9	Revisit.and.revise.PD.plans.based.on.data.	Revisit.and.revise.PD.plans.based.on.data.	Designate.district.level.contact.person.	268	0.5	1.5	8.5	9.5	#FFE9E0	0
#FFD6C7	1	16	Revisit.and.revise.PD.plans.based.on.data.	Revisit.and.revise.PD.plans.based.on.data.	Designate.building.level.contact.person..for.ea...	269	0.5	1.5	15.5	16.5	#FFD6C7	0
#FFA98E	1	8	Revisit.and.revise.PD.plans.based.on.data.	Revisit.and.revise.PD.plans.based.on.data.	Develop.protocol.for.maintaining.ongoing.commun...	270	0.5	1.5	7.5	8.5	#FFA98E	0
#FFA488	1	7	Revisit.and.revise.PD.plans.based.on.data.	Revisit.and.revise.PD.plans.based.on.data.	Develop.a.district.wide.plan.for.consistent.and...	271	0.5	1.5	6.5	7.5	#FFA488	0
#FF9274	1	7	Revisit.and.revise.PD.plans.based.on.data.	Revisit.and.revise.PD.plans.based.on.data.	Identify.a.process.for.monitoring.progress.of.t...	272	0.5	1.5	6.5	7.5	#FF9274	0
#FF9A7C	1	8	Revisit.and.revise.PD.plans.based.on.data.	Revisit.and.revise.PD.plans.based.on.data.	Administer.Self.Assessment.Practice.Profile.at....	273	0.5	1.5	7.5	8.5	#FF9A7C	0
#FFBCA7	1	4	Revisit.and.revise.PD.plans.based.on.data.	Revisit.and.revise.PD.plans.based.on.data.	Administer.implementation.survey..e.g..Collabor...	274	0.5	1.5	3.5	4.5	#FFBCA7	0
#FF9374	1	3	Revisit.and.revise.PD.plans.based.on.data.	Revisit.and.revise.PD.plans.based.on.data.	Use.technology.to.increase.the.quality.and.time...	275	0.5	1.5	2.5	3.5	#FF9374	0
#FFD6C8	1	14	Revisit.and.revise.PD.plans.based.on.data.	Revisit.and.revise.PD.plans.based.on.data.	Participate.in.regional..cadre..and.state.event...	276	0.5	1.5	13.5	14.5	#FFD6C8	0
#FF8565	1	3	Revisit.and.revise.PD.plans.based.on.data.	Revisit.and.revise.PD.plans.based.on.data.	Support.the.use.of.data..e.g..SAPP..CWIS..to.in...	277	0.5	1.5	2.5	3.5	#FF8565	0
#FFA286	1	9	Revisit.and.revise.PD.plans.based.on.data.	Revisit.and.revise.PD.plans.based.on.data.	Develop.and.implement.protocol.for.conducting.w...	278	0.5	1.5	8.5	9.5	#FFA286	0
#FF9071	1	6	Revisit.and.revise.PD.plans.based.on.data.	Revisit.and.revise.PD.plans.based.on.data.	Annually..summarize.district.wide.fidelity.and....	279	0.5	1.5	5.5	6.5	#FF9071	0
#FF8E6F	1	4	Revisit.and.revise.PD.plans.based.on.data.	Revisit.and.revise.PD.plans.based.on.data.	Establish.district..and.building.level.goal.s.....	280	0.5	1.5	3.5	4.5	#FF8E6F	0
#FF0000	1	1	Revisit.and.revise.PD.plans.based.on.data.	Revisit.and.revise.PD.plans.based.on.data.	Revisit.and.revise.PD.plans.based.on.data.	281	0.5	1.5	0.5	1.5	#FF0000	0
#FF8E6F	1	7	Revisit.and.revise.PD.plans.based.on.data.	Revisit.and.revise.PD.plans.based.on.data.	Develop.timelines.and.expectations.aligning.imp...	282	0.5	1.5	6.5	7.5	#FF8E6F	0
#FFA184	1	5	Revisit.and.revise.PD.plans.based.on.data.	Revisit.and.revise.PD.plans.based.on.data.	Align.implementation.goals.with.CSIP..Comprehen...	283	0.5	1.5	4.5	5.5	#FFA184	0
#FF6E4D	1	1	Revisit.and.revise.PD.plans.based.on.data.	Revisit.and.revise.PD.plans.based.on.data.	Teacher.leader.growth.mindset.In.Place	284	0.5	1.5	0.5	1.5	#FF6E4D	0
#FF7250	1	4	Revisit.and.revise.PD.plans.based.on.data.	Revisit.and.revise.PD.plans.based.on.data.	Total.amount.in.place	285	0.5	1.5	3.5	4.5	#FF7250	0
#FFBCA7	1	5	Support.the.use.of.data..e.g..SAPP..CWIS..to.in...	Support.the.use.of.data..e.g..SAPP..CWIS..to.in...	Form.district.leadership.team..DLT....see.Bluep...	286	0.5	1.5	4.5	5.5	#FFBCA7	0
#FFE8DF	1	6	Support.the.use.of.data..e.g..SAPP..CWIS..to.in...	Support.the.use.of.data..e.g..SAPP..CWIS..to.in...	Designate.district.level.contact.person.	287	0.5	1.5	5.5	6.5	#FFE8DF	0
#FFB59D	1	4	Support.the.use.of.data..e.g..SAPP..CWIS..to.in...	Support.the.use.of.data..e.g..SAPP..CWIS..to.in...	Designate.building.level.contact.person..for.ea...	288	0.5	1.5	3.5	4.5	#FFB59D	0
#FF9577	1	6	Support.the.use.of.data..e.g..SAPP..CWIS..to.in...	Support.the.use.of.data..e.g..SAPP..CWIS..to.in...	Develop.protocol.for.maintaining.ongoing.commun...	289	0.5	1.5	5.5	6.5	#FF9577	0
#FFA084	1	6	Support.the.use.of.data..e.g..SAPP..CWIS..to.in...	Support.the.use.of.data..e.g..SAPP..CWIS..to.in...	Develop.a.district.wide.plan.for.consistent.and...	290	0.5	1.5	5.5	6.5	#FFA084	0
#FF9374	1	8	Support.the.use.of.data..e.g..SAPP..CWIS..to.in...	Support.the.use.of.data..e.g..SAPP..CWIS..to.in...	Identify.a.process.for.monitoring.progress.of.t...	291	0.5	1.5	7.5	8.5	#FF9374	0
#FF7C5B	1	2	Support.the.use.of.data..e.g..SAPP..CWIS..to.in...	Support.the.use.of.data..e.g..SAPP..CWIS..to.in...	Administer.Self.Assessment.Practice.Profile.at....	292	0.5	1.5	1.5	2.5	#FF7C5B	0
#FFB39B	1	2	Support.the.use.of.data..e.g..SAPP..CWIS..to.in...	Support.the.use.of.data..e.g..SAPP..CWIS..to.in...	Administer.implementation.survey..e.g..Collabor...	293	0.5	1.5	1.5	2.5	#FFB39B	0
#FF9E81	1	8	Support.the.use.of.data..e.g..SAPP..CWIS..to.in...	Support.the.use.of.data..e.g..SAPP..CWIS..to.in...	Use.technology.to.increase.the.quality.and.time...	294	0.5	1.5	7.5	8.5	#FF9E81	0
#FFB69F	1	6	Support.the.use.of.data..e.g..SAPP..CWIS..to.in...	Support.the.use.of.data..e.g..SAPP..CWIS..to.in...	Participate.in.regional..cadre..and.state.event...	295	0.5	1.5	5.5	6.5	#FFB69F	0
#FF0000	1	1	Support.the.use.of.data..e.g..SAPP..CWIS..to.in...	Support.the.use.of.data..e.g..SAPP..CWIS..to.in...	Support.the.use.of.data..e.g..SAPP..CWIS..to.in...	296	0.5	1.5	0.5	1.5	#FF0000	0
#FF987B	1	7	Support.the.use.of.data..e.g..SAPP..CWIS..to.in...	Support.the.use.of.data..e.g..SAPP..CWIS..to.in...	Develop.and.implement.protocol.for.conducting.w...	297	0.5	1.5	6.5	7.5	#FF987B	0
#FF9678	1	8	Support.the.use.of.data..e.g..SAPP..CWIS..to.in...	Support.the.use.of.data..e.g..SAPP..CWIS..to.in...	Annually..summarize.district.wide.fidelity.and....	298	0.5	1.5	7.5	8.5	#FF9678	0
#FF9476	1	8	Support.the.use.of.data..e.g..SAPP..CWIS..to.in...	Support.the.use.of.data..e.g..SAPP..CWIS..to.in...	Establish.district..and.building.level.goal.s.....	299	0.5	1.5	7.5	8.5	#FF9476	0
#FF8565	1	2	Support.the.use.of.data..e.g..SAPP..CWIS..to.in...	Support.the.use.of.data..e.g..SAPP..CWIS..to.in...	Revisit.and.revise.PD.plans.based.on.data.	300	0.5	1.5	1.5	2.5	#FF8565	0
#FF9172	1	8	Support.the.use.of.data..e.g..SAPP..CWIS..to.in...	Support.the.use.of.data..e.g..SAPP..CWIS..to.in...	Develop.timelines.and.expectations.aligning.imp...	301	0.5	1.5	7.5	8.5	#FF9172	0
#FFAD94	1	9	Support.the.use.of.data..e.g..SAPP..CWIS..to.in...	Support.the.use.of.data..e.g..SAPP..CWIS..to.in...	Align.implementation.goals.with.CSIP..Comprehen...	302	0.5	1.5	8.5	9.5	#FFAD94	0
#FF6F4D	1	2	Support.the.use.of.data..e.g..SAPP..CWIS..to.in...	Support.the.use.of.data..e.g..SAPP..CWIS..to.in...	Teacher.leader.growth.mindset.In.Place	303	0.5	1.5	1.5	2.5	#FF6F4D	0
#FF6E4C	1	2	Support.the.use.of.data..e.g..SAPP..CWIS..to.in...	Support.the.use.of.data..e.g..SAPP..CWIS..to.in...	Total.amount.in.place	304	0.5	1.5	1.5	2.5	#FF6E4C	0
#FFD5C6	1	14	Use.technology.to.increase.the.quality.and.time...	Use.technology.to.increase.the.quality.and.time...	Form.district.leadership.team..DLT....see.Bluep...	305	0.5	1.5	13.5	14.5	#FFD5C6	0
#FFE9E1	1	10	Use.technology.to.increase.the.quality.and.time...	Use.technology.to.increase.the.quality.and.time...	Designate.district.level.contact.person.	306	0.5	1.5	9.5	10.5	#FFE9E1	0
#FFCFBF	1	10	Use.technology.to.increase.the.quality.and.time...	Use.technology.to.increase.the.quality.and.time...	Designate.building.level.contact.person..for.ea...	307	0.5	1.5	9.5	10.5	#FFCFBF	0
#FF8A6B	1	3	Use.technology.to.increase.the.quality.and.time...	Use.technology.to.increase.the.quality.and.time...	Develop.protocol.for.maintaining.ongoing.commun...	308	0.5	1.5	2.5	3.5	#FF8A6B	0
#FFA084	1	5	Use.technology.to.increase.the.quality.and.time...	Use.technology.to.increase.the.quality.and.time...	Develop.a.district.wide.plan.for.consistent.and...	309	0.5	1.5	4.5	5.5	#FFA084	0
#FF997C	1	11	Use.technology.to.increase.the.quality.and.time...	Use.technology.to.increase.the.quality.and.time...	Identify.a.process.for.monitoring.progress.of.t...	310	0.5	1.5	10.5	11.5	#FF997C	0
#FFA488	1	10	Use.technology.to.increase.the.quality.and.time...	Use.technology.to.increase.the.quality.and.time...	Administer.Self.Assessment.Practice.Profile.at....	311	0.5	1.5	9.5	10.5	#FFA488	0
#FFC9B7	1	10	Use.technology.to.increase.the.quality.and.time...	Use.technology.to.increase.the.quality.and.time...	Administer.implementation.survey..e.g..Collabor...	312	0.5	1.5	9.5	10.5	#FFC9B7	0
#FF0000	1	1	Use.technology.to.increase.the.quality.and.time...	Use.technology.to.increase.the.quality.and.time...	Use.technology.to.increase.the.quality.and.time...	313	0.5	1.5	0.5	1.5	#FF0000	0
#FFC2AE	1	11	Use.technology.to.increase.the.quality.and.time...	Use.technology.to.increase.the.quality.and.time...	Participate.in.regional..cadre..and.state.event...	314	0.5	1.5	10.5	11.5	#FFC2AE	0
#FF9E81	1	10	Use.technology.to.increase.the.quality.and.time...	Use.technology.to.increase.the.quality.and.time...	Support.the.use.of.data..e.g..SAPP..CWIS..to.in...	315	0.5	1.5	9.5	10.5	#FF9E81	0
#FF9374	1	5	Use.technology.to.increase.the.quality.and.time...	Use.technology.to.increase.the.quality.and.time...	Develop.and.implement.protocol.for.conducting.w...	316	0.5	1.5	4.5	5.5	#FF9374	0
#FF9577	1	7	Use.technology.to.increase.the.quality.and.time...	Use.technology.to.increase.the.quality.and.time...	Annually..summarize.district.wide.fidelity.and....	317	0.5	1.5	6.5	7.5	#FF9577	0
#FFAC92	1	10	Use.technology.to.increase.the.quality.and.time...	Use.technology.to.increase.the.quality.and.time...	Establish.district..and.building.level.goal.s.....	318	0.5	1.5	9.5	10.5	#FFAC92	0
#FF9374	1	7	Use.technology.to.increase.the.quality.and.time...	Use.technology.to.increase.the.quality.and.time...	Revisit.and.revise.PD.plans.based.on.data.	319	0.5	1.5	6.5	7.5	#FF9374	0
#FF9D80	1	11	Use.technology.to.increase.the.quality.and.time...	Use.technology.to.increase.the.quality.and.time...	Develop.timelines.and.expectations.aligning.imp...	320	0.5	1.5	10.5	11.5	#FF9D80	0
#FFB299	1	11	Use.technology.to.increase.the.quality.and.time...	Use.technology.to.increase.the.quality.and.time...	Align.implementation.goals.with.CSIP..Comprehen...	321	0.5	1.5	10.5	11.5	#FFB299	0
#FF7755	1	5	Use.technology.to.increase.the.quality.and.time...	Use.technology.to.increase.the.quality.and.time...	Teacher.leader.growth.mindset.In.Place	322	0.5	1.5	4.5	5.5	#FF7755	0
#FF7150	1	3	Use.technology.to.increase.the.quality.and.time...	Use.technology.to.increase.the.quality.and.time...	Total.amount.in.place	323	0.5	1.5	2.5	3.5	#FF7150	0
